batch_id,doc_url,initiative_id,doc_kind,content_type,source_record_pk,raw_path
factory-20260219-lane_c-001,https://www.congreso.es/public_oficiales/L15/CONG/BOCG/A/BOCG-15-A-1-1.PDF,congreso:leg15:exp:121/000001/0000,pdf,application/pdf,141590,etl/data/raw/text_documents/parl_initiative_docs/dc3144d0028d9f37fc678445ad296897e471a01db5502485c501b02e8998f251.pdf
factory-20260219-lane_c-001,https://www.congreso.es/public_oficiales/L15/CONG/BOCG/A/BOCG-15-A-10-1.PDF,congreso:leg15:exp:121/000010/0000,pdf,application/pdf,141591,etl/data/raw/text_documents/parl_initiative_docs/9ebea9fbb1d9eac2f0c36c5abd46d1b907270041f20b73b0680bdc2f99f34b45.pdf
factory-20260219-lane_c-001,https://www.congreso.es/public_oficiales/L15/CONG/BOCG/A/BOCG-15-A-12-1.PDF,congreso:leg15:exp:121/000012/0000,pdf,application/pdf,141592,etl/data/raw/text_documents/parl_initiative_docs/0060cf5028803afda7a1fa0a8cd5e32cc277ab239549d7a8dbd684bed2e62244.pdf
factory-20260219-lane_c-001,https://www.congreso.es/public_oficiales/L15/CONG/BOCG/A/BOCG-15-A-13-1.PDF,congreso:leg15:exp:121/000013/0000,pdf,application/pdf,141593,etl/data/raw/text_documents/parl_initiative_docs/4fd8a62031a1cae26c8f8e80807ce4dd0dd7ccefdf958b88a42a4d05a8580d78.pdf
factory-20260219-lane_c-001,https://www.congreso.es/public_oficiales/L15/CONG/BOCG/A/BOCG-15-A-14-1.PDF,congreso:leg15:exp:121/000014/0000,pdf,application/pdf,141594,etl/data/raw/text_documents/parl_initiative_docs/6ff18cca45586e09b5fe2b802f202dde3c085d360d5d87851ee42d5e42a89059.pdf
factory-20260219-lane_c-001,https://www.congreso.es/public_oficiales/L15/CONG/BOCG/A/BOCG-15-A-15-1.PDF,congreso:leg15:exp:121/000015/0000,pdf,application/pdf,141595,etl/data/raw/text_documents/parl_initiative_docs/912708643710e101301126d1c048bd4e8bee760dfad81ea4e78ce9f7d008dfbe.pdf
factory-20260219-lane_c-001,https://www.congreso.es/public_oficiales/L15/CONG/BOCG/A/BOCG-15-A-4-1.PDF,congreso:leg15:exp:121/000004/0000,pdf,application/pdf,141596,etl/data/raw/text_documents/parl_initiative_docs/037ada8aaff15db8ff96601c28d7fb2eb662c8742d1e169aa7b8574c0c89b396.pdf
factory-20260219-lane_c-001,https://www.congreso.es/public_oficiales/L15/CONG/BOCG/A/BOCG-15-A-5-1.PDF,congreso:leg15:exp:121/000005/0000,pdf,application/pdf,141597,etl/data/raw/text_documents/parl_initiative_docs/34f4899bba0e9c6fd232581aea42adc668e81b92872fa6d71d579dd44678aefc.pdf
factory-20260219-lane_c-001,https://www.congreso.es/public_oficiales/L15/CONG/BOCG/A/BOCG-15-A-6-1.PDF,congreso:leg15:exp:121/000006/0000,pdf,application/pdf,141598,etl/data/raw/text_documents/parl_initiative_docs/7ad75184258f0ccd3e0886bbc587095e2dc354ea4f5c37c4f65500c0480d2510.pdf
factory-20260219-lane_c-001,https://www.congreso.es/public_oficiales/L15/CONG/BOCG/A/BOCG-15-A-9-1.PDF,congreso:leg15:exp:121/000009/0000,pdf,application/pdf,141599,etl/data/raw/text_documents/parl_initiative_docs/2a281ca73f8f38fde46e3505d3c5e2386bdc8c0b8ae88a90a285fea7ebec3e99.pdf
factory-20260219-lane_c-001,https://www.congreso.es/public_oficiales/L15/CONG/DS/CO/DSCD-15-CO-142.PDF,congreso:leg15:exp:121/000006/0000,pdf,application/pdf,141600,etl/data/raw/text_documents/parl_initiative_docs/804baaa73d082c368c3543713fc7d741b41a02dd2ac71147a182f8c46fd51b99.pdf
factory-20260219-lane_c-001,https://www.congreso.es/public_oficiales/L15/CONG/DS/PL/DSCD-15-PL-105.PDF,congreso:leg15:exp:121/000012/0000,pdf,application/pdf,141601,etl/data/raw/text_documents/parl_initiative_docs/acaaf41f140cc9793bae4d4a97a369407ae5b7447ce445117177232f07c96f0c.pdf
factory-20260219-lane_c-001,https://www.congreso.es/public_oficiales/L15/CONG/DS/PL/DSCD-15-PL-23.PDF,congreso:leg15:exp:121/000005/0000,pdf,application/pdf,141602,etl/data/raw/text_documents/parl_initiative_docs/2c108c03f69e4094d985b7f5d3ba870b529333aaacc9632d84d007ddd9da7ae5.pdf
factory-20260219-lane_c-001,https://www.congreso.es/public_oficiales/L15/CONG/DS/PL/DSCD-15-PL-23.PDF,congreso:leg15:exp:122/000016/0000,pdf,application/pdf,141602,etl/data/raw/text_documents/parl_initiative_docs/2c108c03f69e4094d985b7f5d3ba870b529333aaacc9632d84d007ddd9da7ae5.pdf
factory-20260219-lane_c-001,https://www.congreso.es/public_oficiales/L15/CONG/DS/PL/DSCD-15-PL-23.PDF,congreso:leg15:exp:122/000018/0000,pdf,application/pdf,141602,etl/data/raw/text_documents/parl_initiative_docs/2c108c03f69e4094d985b7f5d3ba870b529333aaacc9632d84d007ddd9da7ae5.pdf
factory-20260219-lane_c-001,https://www.congreso.es/public_oficiales/L15/CONG/DS/PL/DSCD-15-PL-25.PDF,congreso:leg15:exp:121/000001/0000,pdf,application/pdf,141603,etl/data/raw/text_documents/parl_initiative_docs/0df9f8df762d46148b3ec9ef43558999c6f24837bfad7d5a72e4f1d6f70aa25d.pdf
factory-20260219-lane_c-001,https://www.congreso.es/public_oficiales/L15/CONG/DS/PL/DSCD-15-PL-31.PDF,congreso:leg15:exp:121/000004/0000,pdf,application/pdf,141604,etl/data/raw/text_documents/parl_initiative_docs/acc560cedd2897d446fdb650c708a90aab258507668f9afe6f5ec6cd12a25646.pdf
factory-20260219-lane_c-001,https://www.congreso.es/public_oficiales/L15/CONG/DS/PL/DSCD-15-PL-42.PDF,congreso:leg15:exp:121/000010/0000,pdf,application/pdf,141605,etl/data/raw/text_documents/parl_initiative_docs/80ecd88ed57e0e6818f5a9a27013d77f2c0005fc57a16bd56efbdb9d721f3b6f.pdf
factory-20260219-lane_c-001,https://www.congreso.es/public_oficiales/L15/CONG/DS/PL/DSCD-15-PL-42.PDF,congreso:leg15:exp:121/000014/0000,pdf,application/pdf,141605,etl/data/raw/text_documents/parl_initiative_docs/80ecd88ed57e0e6818f5a9a27013d77f2c0005fc57a16bd56efbdb9d721f3b6f.pdf
factory-20260219-lane_c-001,https://www.congreso.es/public_oficiales/L15/CONG/DS/PL/DSCD-15-PL-42.PDF,congreso:leg15:exp:121/000015/0000,pdf,application/pdf,141605,etl/data/raw/text_documents/parl_initiative_docs/80ecd88ed57e0e6818f5a9a27013d77f2c0005fc57a16bd56efbdb9d721f3b6f.pdf
factory-20260219-lane_c-001,https://www.congreso.es/public_oficiales/L15/CONG/DS/PL/DSCD-15-PL-48.PDF,congreso:leg15:exp:121/000013/0000,pdf,application/pdf,141606,etl/data/raw/text_documents/parl_initiative_docs/53c0bdcfb787484f3ddc77542d1723e63c76e6f15d9a18482e7f246751e4ac01.pdf
factory-20260219-lane_c-001,https://www.congreso.es/public_oficiales/L15/CONG/DS/PL/DSCD-15-PL-66.PDF,congreso:leg15:exp:121/000009/0000,pdf,application/pdf,141607,etl/data/raw/text_documents/parl_initiative_docs/ee60a594613c7d128de461878842f1d3ae167696f928d689089f5d1e4b09971b.pdf
factory-20260219-lane_c-001,https://www.congreso.es/public_oficiales/L15/CONG/DS/PL/DSCD-15-PL-66.PDF,congreso:leg15:exp:121/000023/0000,pdf,application/pdf,141607,etl/data/raw/text_documents/parl_initiative_docs/ee60a594613c7d128de461878842f1d3ae167696f928d689089f5d1e4b09971b.pdf
factory-20260219-lane_c-001,https://www.congreso.es/constitucion/ficheros/leyes_espa/rdl_013_2025_conv.pdf,congreso:ley:13:2025,pdf,application/pdf,141608,etl/data/raw/text_documents/parl_initiative_docs/03f82a7e817044aad0e2debb7c69e1ef3f0fec5925c2a6874bd6036ee99425cb.pdf
factory-20260219-lane_c-001,https://www.congreso.es/constitucion/ficheros/leyes_espa/rdl_016_2025.pdf,congreso:ley:16:2025,pdf,application/pdf,141609,etl/data/raw/text_documents/parl_initiative_docs/04c8aa245e22613a7f10884704768c1b13860add3eae5c7cba91f7e42ad19e1c.pdf
factory-20260219-lane_c-001,https://www.congreso.es/constitucion/ficheros/leyes_espa/rdl_017_2025.pdf,congreso:ley:17:2025,pdf,application/pdf,141610,etl/data/raw/text_documents/parl_initiative_docs/196af39ab59a1cc270754a0d425d7dd817cc25e1db9b1eec3797818b28c70b57.pdf
factory-20260219-lane_c-001,https://www.congreso.es/public_oficiales/L15/CONG/BOCG/B/BOCG-15-B-286-1.PDF,congreso:leg15:exp:122/000241/0000,pdf,application/pdf,141611,etl/data/raw/text_documents/parl_initiative_docs/f75be0fc127140ece36f79c6797e860c363ede0824dd82f92c1e55c8a5378ccd.pdf
factory-20260219-lane_c-001,https://www.congreso.es/public_oficiales/L15/CONG/BOCG/B/BOCG-15-B-97-1.PDF,congreso:leg15:exp:122/000083/0000,pdf,application/pdf,141612,etl/data/raw/text_documents/parl_initiative_docs/e5a819565cf5bff7ea8e2228c45b7a5f09c62399920b13d86e8d7b31d597fcbf.pdf
factory-20260219-lane_c-001,https://www.congreso.es/public_oficiales/L15/CONG/DS/PL/DSCD-15-PL-62.PDF,congreso:leg15:exp:122/000083/0000,pdf,application/pdf,141613,etl/data/raw/text_documents/parl_initiative_docs/96efa6975ecbf0227f8fab5ef099b5843e7e523e596e9367188a0ac16617ff0e.pdf
factory-20260219-lane_c-001,https://www.congreso.es/public_oficiales/L15/CONG/DS/PL/DSCD-15-PL-62.PDF,congreso:leg15:exp:121/000017/0000,pdf,application/pdf,141613,etl/data/raw/text_documents/parl_initiative_docs/96efa6975ecbf0227f8fab5ef099b5843e7e523e596e9367188a0ac16617ff0e.pdf
factory-20260219-lane_c-001,https://www.congreso.es/public_oficiales/L15/CONG/DS/PL/DSCD-15-PL-62.PDF,congreso:leg15:exp:122/000119/0000,pdf,application/pdf,141613,etl/data/raw/text_documents/parl_initiative_docs/96efa6975ecbf0227f8fab5ef099b5843e7e523e596e9367188a0ac16617ff0e.pdf
factory-20260219-lane_c-001,https://www.congreso.es/constitucion/ficheros/leyes_espa/lo_001_2025_corr.pdf,congreso:ley:1:2025,pdf,application/pdf,141614,etl/data/raw/text_documents/parl_initiative_docs/e43a2dcd25158942618bf1ca163980ee67981ec9ee63ebe0709920b4db17f017.pdf
factory-20260219-lane_c-001,https://www.congreso.es/constitucion/ficheros/leyes_espa/lo_002_2025.pdf,congreso:ley:2:2025,pdf,application/pdf,141615,etl/data/raw/text_documents/parl_initiative_docs/93e9f661b6b3a35ea132c5393bd101ba0e5c0505aac269e4d2b0eafc9b44f466.pdf
factory-20260219-lane_c-001,https://www.congreso.es/constitucion/ficheros/leyes_espa/lo_003_2025.pdf,congreso:ley:3:2025,pdf,application/pdf,141616,etl/data/raw/text_documents/parl_initiative_docs/54a65622120dd6d249b8b2eb7305ac925924b6c49ab8aef22f39a5915b8c9803.pdf
factory-20260219-lane_c-001,https://www.congreso.es/constitucion/ficheros/leyes_espa/lo_005_2024.pdf,congreso:ley:5:2024,pdf,application/pdf,141617,etl/data/raw/text_documents/parl_initiative_docs/f8d1c9589c2f90c686983862a669b8e8c3a95cc8c6121b259fd5f90878e46525.pdf
factory-20260219-lane_c-001,https://www.congreso.es/constitucion/ficheros/leyes_espa/lo_006_2024.pdf,congreso:ley:6:2024,pdf,application/pdf,141618,etl/data/raw/text_documents/parl_initiative_docs/9c8a54948a4d5740990f3544c74866133d6d7c7256e251f1f106e78e91adbb6c.pdf
factory-20260219-lane_c-001,https://www.congreso.es/constitucion/ficheros/leyes_espa/rdl_004_2025_conv.pdf,congreso:ley:4:2025,pdf,application/pdf,141619,etl/data/raw/text_documents/parl_initiative_docs/432e90fdc6599e71b10c58f5a78859dc8300a2c5303c78c5c4b88768b63a429a.pdf
factory-20260219-lane_c-001,https://www.congreso.es/constitucion/ficheros/leyes_espa/rdl_005_2025_corr.pdf,congreso:ley:5:2025,pdf,application/pdf,141620,etl/data/raw/text_documents/parl_initiative_docs/5b2daa6bc74a2ff8c7ffdb8aaef5a959e10e852dfa8c0fd9f2c1b2c0e003d33e.pdf
factory-20260219-lane_c-001,https://www.congreso.es/constitucion/ficheros/leyes_espa/rdl_006_2025_conv.pdf,congreso:ley:6:2025,pdf,application/pdf,141621,etl/data/raw/text_documents/parl_initiative_docs/0a472fcf99a844851cd28d8eb9fa85878834b0ad34838f9383295e17b9f5f3ef.pdf
factory-20260219-lane_c-001,https://www.congreso.es/constitucion/ficheros/leyes_espa/rdl_007_2024.pdf,congreso:ley:7:2024,pdf,application/pdf,141622,etl/data/raw/text_documents/parl_initiative_docs/a912bc192db0225baac9761493ffbf324fabbf0e0ac0299129b9e0c18e97b01b.pdf
factory-20260219-lane_c-001,https://www.congreso.es/constitucion/ficheros/leyes_espa/rdl_007_2025_der.pdf,congreso:ley:7:2025,pdf,application/pdf,141623,etl/data/raw/text_documents/parl_initiative_docs/c8d4354edf4fe2cabc21b3330d14598909df8aedf068d7103bda346d6f8e9706.pdf
factory-20260219-lane_c-001,https://www.congreso.es/constitucion/ficheros/leyes_espa/rdl_008_2024_corr.pdf,congreso:ley:8:2024,pdf,application/pdf,141624,etl/data/raw/text_documents/parl_initiative_docs/a0141139a91ab6d2d79007c1a997c5053c83830ec09c5fb24cda8b1aa70c9e3d.pdf
factory-20260219-lane_c-001,https://www.congreso.es/constitucion/ficheros/leyes_espa/rdl_008_2025_conv.pdf,congreso:ley:8:2025,pdf,application/pdf,141625,etl/data/raw/text_documents/parl_initiative_docs/30fb3b443a059afbcb135b949145e4e1039238ad60ffc600cebeb2b01fe1dc64.pdf
factory-20260219-lane_c-001,https://www.congreso.es/constitucion/ficheros/leyes_espa/rdl_009_2024_derog.pdf,congreso:ley:9:2024,pdf,application/pdf,141626,etl/data/raw/text_documents/parl_initiative_docs/9fd57c95c80455eb111ed9b71f9963747c81d50ea261156f021fa174e1a27c58.pdf
factory-20260219-lane_c-001,https://www.congreso.es/constitucion/ficheros/leyes_espa/rdl_009_2025_conv.pdf,congreso:ley:9:2025,pdf,application/pdf,141627,etl/data/raw/text_documents/parl_initiative_docs/baa82a989247509de8814e5d8821288ab01e4f41ff22c27755854d10edbd3ad7.pdf
factory-20260219-lane_c-001,https://www.congreso.es/constitucion/ficheros/leyes_espa/rdl_010_2024_derog.pdf,congreso:ley:10:2024,pdf,application/pdf,141628,etl/data/raw/text_documents/parl_initiative_docs/03382857a2b9ca07fbaf02ada8da94160c942cb311df4cced9cce7da1e7bc4ff.pdf
factory-20260219-lane_c-001,https://www.congreso.es/constitucion/ficheros/leyes_espa/rdl_010_2025_conv.pdf,congreso:ley:10:2025,pdf,application/pdf,141629,etl/data/raw/text_documents/parl_initiative_docs/110ee4709ae5bbbd60d6c92741bd2ec899482ac07e462efb71148f8fef873a2c.pdf
factory-20260219-lane_c-001,https://www.congreso.es/constitucion/ficheros/leyes_espa/rdl_011_2024.pdf,congreso:ley:11:2024,pdf,application/pdf,141630,etl/data/raw/text_documents/parl_initiative_docs/70093310b429e6c26b5c315dca806b701434b5858860a4395474e0ce1fcf8c49.pdf
factory-20260219-lane_c-001,https://www.congreso.es/constitucion/ficheros/leyes_espa/rdl_011_2025_conv.pdf,congreso:ley:11:2025,pdf,application/pdf,141631,etl/data/raw/text_documents/parl_initiative_docs/5caff863673abc7d64d331c21d8b1f75cfd04bc4ebef7d050b6e14456c6274f4.pdf
factory-20260219-lane_c-001,https://www.congreso.es/constitucion/ficheros/leyes_espa/rdl_012_2025.pdf,congreso:ley:12:2025,pdf,application/pdf,141632,etl/data/raw/text_documents/parl_initiative_docs/ed15095b5ec8b1c368b26c8e357032ef248cacada8d1e8877cb161a90b9f2317.pdf
factory-20260219-lane_c-001,https://www.congreso.es/constitucion/ficheros/leyes_espa/rdl_014_2025.pdf,congreso:ley:14:2025,pdf,application/pdf,141633,etl/data/raw/text_documents/parl_initiative_docs/b686710668a8a7faf7ba5e95c237581ccb58098fddbd1d946adddf244be3f324.pdf
factory-20260219-lane_c-001,https://www.congreso.es/constitucion/ficheros/leyes_espa/rdl_015_2025_conv.pdf,congreso:ley:15:2025,pdf,application/pdf,141634,etl/data/raw/text_documents/parl_initiative_docs/918c25606967d6ad8b706944b9c74dfa2cd7659832e472b2c3685b3c7c39224f.pdf
factory-20260219-lane_c-001,https://www.congreso.es/public_oficiales/L15/CONG/BOCG/A/BOCG-15-A-16-1.PDF,congreso:leg15:exp:121/000016/0000,pdf,application/pdf,141635,etl/data/raw/text_documents/parl_initiative_docs/7280c23af50fe7fb2194816f430f736a5ebbce255c0342bbb4bbb3d88e4c146f.pdf
factory-20260219-lane_c-001,https://www.congreso.es/public_oficiales/L15/CONG/BOCG/A/BOCG-15-A-16-2.PDF,congreso:leg15:exp:121/000016/0000,pdf,application/pdf,141636,etl/data/raw/text_documents/parl_initiative_docs/6d7892c1456bea49d71f86359ee6a7d6f196c817784a62475c8f2f40b7488bae.pdf
factory-20260219-lane_c-001,https://www.congreso.es/public_oficiales/L15/CONG/BOCG/A/BOCG-15-A-18-1.PDF,congreso:leg15:exp:121/000018/0000,pdf,application/pdf,141637,etl/data/raw/text_documents/parl_initiative_docs/6bcc619061465cda917b473c058ec5c624864b01d2b77851cfd0eac574284bce.pdf
factory-20260219-lane_c-001,https://www.congreso.es/public_oficiales/L15/CONG/BOCG/A/BOCG-15-A-18-2.PDF,congreso:leg15:exp:121/000018/0000,pdf,application/pdf,141638,etl/data/raw/text_documents/parl_initiative_docs/4465199f1c2ebdcd3aae7ff0479bccabebbaa7a828dc00184dbba71c0e336238.pdf
factory-20260219-lane_c-001,https://www.congreso.es/public_oficiales/L15/CONG/BOCG/A/BOCG-15-A-20-1.PDF,congreso:leg15:exp:121/000020/0000,pdf,application/pdf,141639,etl/data/raw/text_documents/parl_initiative_docs/eb521215be2d6e7b1cfcae7c27f7d930efe7481b8e2dea299614ef8e95a9865b.pdf
factory-20260219-lane_c-001,https://www.congreso.es/public_oficiales/L15/CONG/BOCG/A/BOCG-15-A-20-2.PDF,congreso:leg15:exp:121/000020/0000,pdf,application/pdf,141640,etl/data/raw/text_documents/parl_initiative_docs/9dea43221541f21a0bb049765a775d385bded75ab35c1d61c08276d11d532f1f.pdf
factory-20260219-lane_c-001,https://www.congreso.es/public_oficiales/L15/CONG/BOCG/A/BOCG-15-A-23-1.PDF,congreso:leg15:exp:121/000023/0000,pdf,application/pdf,141641,etl/data/raw/text_documents/parl_initiative_docs/23f14123ffd271fdb2edf327ebf5faf325d6f2828aaeb50ef21ed6dea4bbb954.pdf
factory-20260219-lane_c-001,https://www.congreso.es/public_oficiales/L15/CONG/BOCG/A/BOCG-15-A-23-2.PDF,congreso:leg15:exp:121/000023/0000,pdf,application/pdf,141642,etl/data/raw/text_documents/parl_initiative_docs/fb6d397d245c5b65fa27eeb63e06f2e2ca35ca8232364607fb3d877a44f47a73.pdf
factory-20260219-lane_c-001,https://www.congreso.es/public_oficiales/L15/CONG/BOCG/A/BOCG-15-A-30-1.PDF,congreso:leg15:exp:121/000030/0000,pdf,application/pdf,141643,etl/data/raw/text_documents/parl_initiative_docs/253c339b727245172650be83daa5f9c6329426088d288b184f8e8216436d2f41.pdf
factory-20260219-lane_c-001,https://www.congreso.es/public_oficiales/L15/CONG/BOCG/A/BOCG-15-A-30-2.PDF,congreso:leg15:exp:121/000030/0000,pdf,application/pdf,141644,etl/data/raw/text_documents/parl_initiative_docs/b37cac4e849d16c4973eca30de87eb754d5a8ea77bccd727b65a3ab0472bfc6f.pdf
factory-20260219-lane_c-001,https://www.congreso.es/public_oficiales/L15/CONG/BOCG/B/BOCG-15-B-120-1.PDF,congreso:leg15:exp:122/000108/0000,pdf,application/pdf,141645,etl/data/raw/text_documents/parl_initiative_docs/995fe7e23f759f2b088f0c5bf7e8a22d90cc7dc24610e8a5e8620e9969b5661a.pdf
factory-20260219-lane_c-001,https://www.congreso.es/public_oficiales/L15/CONG/BOCG/B/BOCG-15-B-120-2.PDF,congreso:leg15:exp:122/000108/0000,pdf,application/pdf,141646,etl/data/raw/text_documents/parl_initiative_docs/f21ec22d0e0dad80f58179c525b8d5f1ea2d63b97ee279c5f414173a6560527e.pdf
factory-20260219-lane_c-001,https://www.congreso.es/public_oficiales/L15/CONG/BOCG/B/BOCG-15-B-128-1.PDF,congreso:leg15:exp:122/000114/0000,pdf,application/pdf,141647,etl/data/raw/text_documents/parl_initiative_docs/86b45eee5331a44401734c6822d815403f083a95514a6b2bf9f66c3883ab8466.pdf
factory-20260219-lane_c-001,https://www.congreso.es/public_oficiales/L15/CONG/BOCG/B/BOCG-15-B-128-2.PDF,congreso:leg15:exp:122/000114/0000,pdf,application/pdf,141648,etl/data/raw/text_documents/parl_initiative_docs/1f2255ccd60e128527a0cfa45fb12bec438b311de4718bb4a60a53391c4756e2.pdf
factory-20260219-lane_c-001,https://www.congreso.es/public_oficiales/L15/CONG/BOCG/B/BOCG-15-B-139-1.PDF,congreso:leg15:exp:122/000124/0000,pdf,application/pdf,141649,etl/data/raw/text_documents/parl_initiative_docs/233b0a15d907d1fbaaa0fad5ebd70d1812c9bef8f1e746a0fb34a51cb590e6a7.pdf
factory-20260219-lane_c-001,https://www.congreso.es/public_oficiales/L15/CONG/BOCG/B/BOCG-15-B-139-2.PDF,congreso:leg15:exp:122/000124/0000,pdf,application/pdf,141650,etl/data/raw/text_documents/parl_initiative_docs/e5cc71baa0bd889b9df4a237516b3a6deddc42126ae0b377630be60cf589953d.pdf
factory-20260219-lane_c-001,https://www.congreso.es/public_oficiales/L15/CONG/BOCG/B/BOCG-15-B-140-1.PDF,congreso:leg15:exp:122/000125/0000,pdf,application/pdf,141651,etl/data/raw/text_documents/parl_initiative_docs/0499af3539238307481b9fbb9adb68a76361188bf80d6b7f5e85abfdfdd8d03b.pdf
factory-20260219-lane_c-001,https://www.congreso.es/public_oficiales/L15/CONG/BOCG/B/BOCG-15-B-140-2.PDF,congreso:leg15:exp:122/000125/0000,pdf,application/pdf,141652,etl/data/raw/text_documents/parl_initiative_docs/d1bfe0c8d5a595db0bdd79f5e659ec7cc6930e5c941142f2950c1348e44cb979.pdf
factory-20260219-lane_c-001,https://www.congreso.es/public_oficiales/L15/CONG/BOCG/B/BOCG-15-B-141-1.PDF,congreso:leg15:exp:122/000126/0000,pdf,application/pdf,141653,etl/data/raw/text_documents/parl_initiative_docs/37df3a3b5a95350acb5508ae81ddf9e4d41b03e5d23cf372619e876cc3b01d74.pdf
factory-20260219-lane_c-001,https://www.congreso.es/public_oficiales/L15/CONG/BOCG/B/BOCG-15-B-141-2.PDF,congreso:leg15:exp:122/000126/0000,pdf,application/pdf,141654,etl/data/raw/text_documents/parl_initiative_docs/48b50c411b6566c3578a47a345f2396da667a362b8cc40ce5dd5113fc198472a.pdf
factory-20260219-lane_c-001,https://www.congreso.es/public_oficiales/L15/CONG/BOCG/B/BOCG-15-B-147-1.PDF,congreso:leg15:exp:122/000130/0000,pdf,application/pdf,141655,etl/data/raw/text_documents/parl_initiative_docs/be93d0ae8231bdc044cbc3f8ed3ec44c06c9d6af640d0bde97d201b944adfeb4.pdf
factory-20260219-lane_c-001,https://www.congreso.es/public_oficiales/L15/CONG/BOCG/B/BOCG-15-B-147-2.PDF,congreso:leg15:exp:122/000130/0000,pdf,application/pdf,141656,etl/data/raw/text_documents/parl_initiative_docs/c38ecc227614bb77d8e949aa509518d3e73efa8dc7d446bb2561e890bc397f21.pdf
factory-20260219-lane_c-001,https://www.congreso.es/public_oficiales/L15/CONG/BOCG/B/BOCG-15-B-148-1.PDF,congreso:leg15:exp:122/000131/0000,pdf,application/pdf,141657,etl/data/raw/text_documents/parl_initiative_docs/c83157fcd63e1683d23cc089fc17c5b1f1d38e3ddf1752403f9163c8203686f7.pdf
factory-20260219-lane_c-001,https://www.congreso.es/public_oficiales/L15/CONG/BOCG/B/BOCG-15-B-148-2.PDF,congreso:leg15:exp:122/000131/0000,pdf,application/pdf,141658,etl/data/raw/text_documents/parl_initiative_docs/ec03cb128e0b5f888ddabf3f458d6f7751a183e017d84c852a711ff328558b02.pdf
factory-20260219-lane_c-001,https://www.congreso.es/public_oficiales/L15/CONG/BOCG/B/BOCG-15-B-149-1.PDF,congreso:leg15:exp:122/000132/0000,pdf,application/pdf,141659,etl/data/raw/text_documents/parl_initiative_docs/077c5d640aecc704d12886c3b5885826ad11f5c6649c681fa9c53c534d78d3a9.pdf
factory-20260219-lane_c-001,https://www.congreso.es/public_oficiales/L15/CONG/BOCG/B/BOCG-15-B-149-2.PDF,congreso:leg15:exp:122/000132/0000,pdf,application/pdf,141660,etl/data/raw/text_documents/parl_initiative_docs/648bccf006607f5e605c929a18a10a2d31554ff0b817f15566a535f21f10eb20.pdf
factory-20260219-lane_c-001,https://www.congreso.es/public_oficiales/L15/CONG/BOCG/B/BOCG-15-B-151-1.PDF,congreso:leg15:exp:122/000133/0000,pdf,application/pdf,141661,etl/data/raw/text_documents/parl_initiative_docs/51a602df94f8ef3beafd1b22261ef9b1d088bee22ba6a4ad1dd0a337394d8e02.pdf
factory-20260219-lane_c-001,https://www.congreso.es/public_oficiales/L15/CONG/BOCG/B/BOCG-15-B-151-2.PDF,congreso:leg15:exp:122/000133/0000,pdf,application/pdf,141662,etl/data/raw/text_documents/parl_initiative_docs/061bdafb92a158d288fa482d6d3b44d368adf8080f6747dada20aec65e637b61.pdf
factory-20260219-lane_c-001,https://www.congreso.es/public_oficiales/L15/CONG/BOCG/B/BOCG-15-B-155-1.PDF,congreso:leg15:exp:122/000137/0000,pdf,application/pdf,141663,etl/data/raw/text_documents/parl_initiative_docs/74ff8fcb9773fdaa43c54eefea5325b6fe4786d7233541786b0d28a66a27ab12.pdf
factory-20260219-lane_c-001,https://www.congreso.es/public_oficiales/L15/CONG/BOCG/B/BOCG-15-B-155-2.PDF,congreso:leg15:exp:122/000137/0000,pdf,application/pdf,141664,etl/data/raw/text_documents/parl_initiative_docs/5c2963a3e78109cd07499fc118ff5ca3d952407b237699760e447708fc78e2e0.pdf
factory-20260219-lane_c-001,https://www.congreso.es/public_oficiales/L15/CONG/BOCG/B/BOCG-15-B-157-1.PDF,congreso:leg15:exp:122/000139/0000,pdf,application/pdf,141665,etl/data/raw/text_documents/parl_initiative_docs/91754f5016f556f59143949f53ae382081e519144ae6be8d610a371a553b8c5b.pdf
factory-20260219-lane_c-001,https://www.congreso.es/public_oficiales/L15/CONG/BOCG/B/BOCG-15-B-157-2.PDF,congreso:leg15:exp:122/000139/0000,pdf,application/pdf,141666,etl/data/raw/text_documents/parl_initiative_docs/b72254ca7df815adb6098cd8ee254c44d6324e47e43110a51a825e60e4336fba.pdf
factory-20260219-lane_c-001,https://www.congreso.es/public_oficiales/L15/CONG/BOCG/B/BOCG-15-B-162-1.PDF,congreso:leg15:exp:122/000143/0000,pdf,application/pdf,141667,etl/data/raw/text_documents/parl_initiative_docs/de0f21c669fba15c41f2c111b4245891bc204021d4f4cfd69150f96cc427667f.pdf
factory-20260219-lane_c-001,https://www.congreso.es/public_oficiales/L15/CONG/BOCG/B/BOCG-15-B-162-2.PDF,congreso:leg15:exp:122/000143/0000,pdf,application/pdf,141668,etl/data/raw/text_documents/parl_initiative_docs/b4114454e446338c5b47fc1dc539802afd0ad3dc1e4c58ea64db6cd50fb60b04.pdf
factory-20260219-lane_c-001,https://www.congreso.es/public_oficiales/L15/CONG/BOCG/B/BOCG-15-B-182-1.PDF,congreso:leg15:exp:122/000159/0000,pdf,application/pdf,141669,etl/data/raw/text_documents/parl_initiative_docs/ab8e4288b638af396be62f11f9ddaea10df9bb45bca46a7694e8ea84aefa1cae.pdf
factory-20260219-lane_c-001,https://www.congreso.es/public_oficiales/L15/CONG/BOCG/B/BOCG-15-B-182-2.PDF,congreso:leg15:exp:122/000159/0000,pdf,application/pdf,141670,etl/data/raw/text_documents/parl_initiative_docs/251deca182cad6aaa6e2a5172365fcc50d03ec33706b0de8377a038d40494175.pdf
factory-20260219-lane_c-001,https://www.congreso.es/public_oficiales/L15/CONG/BOCG/B/BOCG-15-B-187-1.PDF,congreso:leg15:exp:122/000163/0000,pdf,application/pdf,141671,etl/data/raw/text_documents/parl_initiative_docs/bbe7ff469b4e35a24e1cee2ba164361a23e048e48215a41bba5e4694f3970789.pdf
factory-20260219-lane_c-001,https://www.congreso.es/public_oficiales/L15/CONG/BOCG/B/BOCG-15-B-187-2.PDF,congreso:leg15:exp:122/000163/0000,pdf,application/pdf,141672,etl/data/raw/text_documents/parl_initiative_docs/b7cb149e5e64c9b295a4dbf856021344604852e661c466690503b29e372f70a5.pdf
factory-20260219-lane_c-001,https://www.congreso.es/public_oficiales/L15/CONG/BOCG/B/BOCG-15-B-188-1.PDF,congreso:leg15:exp:122/000164/0000,pdf,application/pdf,141673,etl/data/raw/text_documents/parl_initiative_docs/cdb484ac98b1a67b9a1be31c4bd226bb695cbd2220457e80481640d530d9a0e6.pdf
factory-20260219-lane_c-001,https://www.congreso.es/public_oficiales/L15/CONG/BOCG/B/BOCG-15-B-188-2.PDF,congreso:leg15:exp:122/000164/0000,pdf,application/pdf,141674,etl/data/raw/text_documents/parl_initiative_docs/d325249e24fd46bd901f821abc6d1d5387594b6e8be888209e4c45dc2ca23d53.pdf
factory-20260219-lane_c-001,https://www.congreso.es/public_oficiales/L15/CONG/BOCG/B/BOCG-15-B-201-1.PDF,congreso:leg15:exp:122/000175/0000,pdf,application/pdf,141675,etl/data/raw/text_documents/parl_initiative_docs/a1d73b797c46fcdbea8cb2904f8b6eb0db5bf3558413b3fc69e3195880cdf03d.pdf
factory-20260219-lane_c-001,https://www.congreso.es/public_oficiales/L15/CONG/BOCG/B/BOCG-15-B-201-2.PDF,congreso:leg15:exp:122/000175/0000,pdf,application/pdf,141676,etl/data/raw/text_documents/parl_initiative_docs/48148e7fb79c2d6a7bb5f3720cf151e3f45b1525439e1286f8e44059e8040591.pdf
factory-20260219-lane_c-001,https://www.congreso.es/public_oficiales/L15/CONG/BOCG/B/BOCG-15-B-202-1.PDF,congreso:leg15:exp:122/000176/0000,pdf,application/pdf,141677,etl/data/raw/text_documents/parl_initiative_docs/1d9fd92ef3e31ea54939dda9ff1e14f2d1e221fa2fac46e7ace8cf8614f4ec4a.pdf
factory-20260219-lane_c-001,https://www.congreso.es/public_oficiales/L15/CONG/BOCG/B/BOCG-15-B-202-2.PDF,congreso:leg15:exp:122/000176/0000,pdf,application/pdf,141678,etl/data/raw/text_documents/parl_initiative_docs/1eaa22eefb56d049cee9fb4fffd1246eed194e7bf2557ae5f3cded310ef46340.pdf
factory-20260219-lane_c-001,https://www.congreso.es/public_oficiales/L15/CONG/BOCG/B/BOCG-15-B-206-1.PDF,congreso:leg15:exp:122/000179/0000,pdf,application/pdf,141679,etl/data/raw/text_documents/parl_initiative_docs/676b7add28d54d4b42e16d728655e55e3556e649ad5708a2672dcd2e11dcc8bd.pdf
factory-20260219-lane_c-001,https://www.congreso.es/public_oficiales/L15/CONG/BOCG/B/BOCG-15-B-206-2.PDF,congreso:leg15:exp:122/000179/0000,pdf,application/pdf,141680,etl/data/raw/text_documents/parl_initiative_docs/82cb5a6fbe454c0e12be0d0c8fd40f4eca3595f72afbd1c0118eb3ca3920ae56.pdf
factory-20260219-lane_c-001,https://www.congreso.es/public_oficiales/L15/CONG/BOCG/B/BOCG-15-B-207-1.PDF,congreso:leg15:exp:122/000181/0000,pdf,application/pdf,141681,etl/data/raw/text_documents/parl_initiative_docs/239dabfd2f53ad85f40727e11e82dc3e1faec36e2015672c1ae3223d8e405ec5.pdf
factory-20260219-lane_c-001,https://www.congreso.es/public_oficiales/L15/CONG/BOCG/B/BOCG-15-B-207-2.PDF,congreso:leg15:exp:122/000181/0000,pdf,application/pdf,141682,etl/data/raw/text_documents/parl_initiative_docs/48a7091443f70ef6f34bd04f2d13ce769748c5d31cbe1f87e40c217bb7ec239b.pdf
factory-20260219-lane_c-001,https://www.congreso.es/public_oficiales/L15/CONG/BOCG/B/BOCG-15-B-208-1.PDF,congreso:leg15:exp:122/000182/0000,pdf,application/pdf,141683,etl/data/raw/text_documents/parl_initiative_docs/e16a07a48cf6a835e5e045dfc7f7749bd1547f71cf6cece8be97d301e43bf027.pdf
factory-20260219-lane_c-001,https://www.congreso.es/public_oficiales/L15/CONG/BOCG/B/BOCG-15-B-208-2.PDF,congreso:leg15:exp:122/000182/0000,pdf,application/pdf,141684,etl/data/raw/text_documents/parl_initiative_docs/59059b3636b39924bd184fd9ab6a982866fc2fd30281d5a810ae1540b4096f1a.pdf
factory-20260219-lane_c-001,https://www.congreso.es/public_oficiales/L15/CONG/BOCG/B/BOCG-15-B-219-1.PDF,congreso:leg15:exp:122/000186/0000,pdf,application/pdf,141685,etl/data/raw/text_documents/parl_initiative_docs/960507f9bbdb673e03ff85b811dd22492a129f5ee18dde6be92d9a9f744d3eb5.pdf
factory-20260219-lane_c-001,https://www.congreso.es/public_oficiales/L15/CONG/BOCG/B/BOCG-15-B-219-2.PDF,congreso:leg15:exp:122/000186/0000,pdf,application/pdf,141686,etl/data/raw/text_documents/parl_initiative_docs/59cc933838549025e09ad7ff1f0b26c75ef34efb71e53ef6b22add679d8ea2d5.pdf
factory-20260219-lane_c-001,https://www.congreso.es/public_oficiales/L15/CONG/BOCG/B/BOCG-15-B-221-1.PDF,congreso:leg15:exp:122/000188/0000,pdf,application/pdf,141687,etl/data/raw/text_documents/parl_initiative_docs/2f48dc4c70b0bc78024f921f1f0239e1457e0773d84a3bd5b95ea0594ed967f8.pdf
factory-20260219-lane_c-001,https://www.congreso.es/public_oficiales/L15/CONG/BOCG/B/BOCG-15-B-221-2.PDF,congreso:leg15:exp:122/000188/0000,pdf,application/pdf,141688,etl/data/raw/text_documents/parl_initiative_docs/b62a3135768cd7acd1aebe38a163ce28be488c61ef68c05047731bf64f22f5ca.pdf
factory-20260219-lane_c-001,https://www.congreso.es/public_oficiales/L15/CONG/BOCG/B/BOCG-15-B-222-1.PDF,congreso:leg15:exp:122/000189/0000,pdf,application/pdf,141689,etl/data/raw/text_documents/parl_initiative_docs/ca97691858fafe0311b42d9bdaa45cab8f0f7cda0fb23b58e40297755fe61f1a.pdf
factory-20260219-lane_c-001,https://www.congreso.es/public_oficiales/L15/CONG/BOCG/B/BOCG-15-B-222-2.PDF,congreso:leg15:exp:122/000189/0000,pdf,application/pdf,141690,etl/data/raw/text_documents/parl_initiative_docs/47c3dde60b0e96c570e42a646b667ac85768a7236555583ded7ac1800e2c8092.pdf
factory-20260219-lane_c-001,https://www.congreso.es/public_oficiales/L15/CONG/BOCG/B/BOCG-15-B-227-1.PDF,congreso:leg15:exp:122/000194/0000,pdf,application/pdf,141691,etl/data/raw/text_documents/parl_initiative_docs/75e452d02cbe8c2ca1d15d946e4edf94242a7de24caab56b02dce729d4c13885.pdf
factory-20260219-lane_c-001,https://www.congreso.es/public_oficiales/L15/CONG/BOCG/B/BOCG-15-B-227-2.PDF,congreso:leg15:exp:122/000194/0000,pdf,application/pdf,141692,etl/data/raw/text_documents/parl_initiative_docs/4d733f50a5919f796c4d11e2ae9b8f002c85e490958778798c142c56f6993961.pdf
factory-20260219-lane_c-001,https://www.congreso.es/public_oficiales/L15/CONG/BOCG/B/BOCG-15-B-240-1.PDF,congreso:leg15:exp:122/000201/0000,pdf,application/pdf,141693,etl/data/raw/text_documents/parl_initiative_docs/1e9248a1cf97277bb302ccbce5545185873e45e5661fb56fd13b917bfe0473c3.pdf
factory-20260219-lane_c-001,https://www.congreso.es/public_oficiales/L15/CONG/BOCG/B/BOCG-15-B-240-2.PDF,congreso:leg15:exp:122/000201/0000,pdf,application/pdf,141694,etl/data/raw/text_documents/parl_initiative_docs/fb91dd96e0830347337e0ac3afec1d75b5d0dbb137daf68169aeaedb42885f07.pdf
factory-20260219-lane_c-001,https://www.congreso.es/public_oficiales/L15/CONG/BOCG/B/BOCG-15-B-242-1.PDF,congreso:leg15:exp:127/000002/0000,pdf,application/pdf,141695,etl/data/raw/text_documents/parl_initiative_docs/0e23a5b2a7cd523568825911d9cfcdf3be228cf9722cddd1959e3abdd2a6aa43.pdf
factory-20260219-lane_c-001,https://www.congreso.es/public_oficiales/L15/CONG/BOCG/B/BOCG-15-B-242-2.PDF,congreso:leg15:exp:127/000002/0000,pdf,application/pdf,141696,etl/data/raw/text_documents/parl_initiative_docs/747de6fb7ba0b089f3430696554fbbaeba6d2f50ffea051cdfd261c0c6e5f6ac.pdf
factory-20260219-lane_c-001,https://www.congreso.es/public_oficiales/L15/CONG/BOCG/B/BOCG-15-B-256-1.PDF,congreso:leg15:exp:122/000214/0000,pdf,application/pdf,141697,etl/data/raw/text_documents/parl_initiative_docs/117a3c6b669919b5669dda93a57fa134171129e8d34b20cda1211f0b75d8fe88.pdf
factory-20260219-lane_c-001,https://www.congreso.es/public_oficiales/L15/CONG/BOCG/B/BOCG-15-B-256-2.PDF,congreso:leg15:exp:122/000214/0000,pdf,application/pdf,141698,etl/data/raw/text_documents/parl_initiative_docs/6240e404f4223c6f84c8e6e4fa581884f18a89e63fce0341d8a27f8f7433903e.pdf
factory-20260219-lane_c-001,https://www.congreso.es/public_oficiales/L15/CONG/BOCG/B/BOCG-15-B-257-1.PDF,congreso:leg15:exp:122/000215/0000,pdf,application/pdf,141699,etl/data/raw/text_documents/parl_initiative_docs/bfcfd4663b3bc70bb0b1be275010882791c023f4c67b0056d893fc2be4124288.pdf
factory-20260219-lane_c-001,https://www.congreso.es/public_oficiales/L15/CONG/BOCG/B/BOCG-15-B-257-2.PDF,congreso:leg15:exp:122/000215/0000,pdf,application/pdf,141700,etl/data/raw/text_documents/parl_initiative_docs/b8a3f406d00b11eaf64dd270cb8c4be0bc782d95a1ccb5298e6d17944aa47382.pdf
factory-20260219-lane_c-001,https://www.congreso.es/public_oficiales/L15/CONG/BOCG/B/BOCG-15-B-265-1.PDF,congreso:leg15:exp:122/000220/0000,pdf,application/pdf,141701,etl/data/raw/text_documents/parl_initiative_docs/21bcc9e91b318c086f3461522e941880cbec54437b92f836e684fd1962f0b4b8.pdf
factory-20260219-lane_c-001,https://www.congreso.es/public_oficiales/L15/CONG/BOCG/B/BOCG-15-B-265-2.PDF,congreso:leg15:exp:122/000220/0000,pdf,application/pdf,141702,etl/data/raw/text_documents/parl_initiative_docs/df0d1c421b4a7b64af41f78719b16bc719f59e5155372650ebdaa59484619e2b.pdf
