batch_id,unit_type,unit_id,title,excerpt,source_url,allowed_concerns_json
factory-20260219-lane_d-001,parl_initiative_doc,141590,Iniciativa congreso:leg15:exp:121/000001/0000,Documento pdf vinculado a iniciativa congreso:leg15:exp:121/000001/0000 en https://www.congreso.es/public_oficiales/L15/CONG/BOCG/A/BOCG-15-A-1-1.PDF,https://www.congreso.es/public_oficiales/L15/CONG/BOCG/A/BOCG-15-A-1-1.PDF,"[""vivienda"", ""empleo"", ""sanidad"", ""educacion"", ""coste_vida"", ""energia"", ""transporte"", ""seguridad_justicia"", ""inmigracion"", ""corrupcion"", ""campo_rural"", ""igualdad""]"
factory-20260219-lane_d-001,parl_initiative_doc,141591,Iniciativa congreso:leg15:exp:121/000010/0000,Documento pdf vinculado a iniciativa congreso:leg15:exp:121/000010/0000 en https://www.congreso.es/public_oficiales/L15/CONG/BOCG/A/BOCG-15-A-10-1.PDF,https://www.congreso.es/public_oficiales/L15/CONG/BOCG/A/BOCG-15-A-10-1.PDF,"[""vivienda"", ""empleo"", ""sanidad"", ""educacion"", ""coste_vida"", ""energia"", ""transporte"", ""seguridad_justicia"", ""inmigracion"", ""corrupcion"", ""campo_rural"", ""igualdad""]"
factory-20260219-lane_d-001,parl_initiative_doc,141592,Iniciativa congreso:leg15:exp:121/000012/0000,Documento pdf vinculado a iniciativa congreso:leg15:exp:121/000012/0000 en https://www.congreso.es/public_oficiales/L15/CONG/BOCG/A/BOCG-15-A-12-1.PDF,https://www.congreso.es/public_oficiales/L15/CONG/BOCG/A/BOCG-15-A-12-1.PDF,"[""vivienda"", ""empleo"", ""sanidad"", ""educacion"", ""coste_vida"", ""energia"", ""transporte"", ""seguridad_justicia"", ""inmigracion"", ""corrupcion"", ""campo_rural"", ""igualdad""]"
factory-20260219-lane_d-001,parl_initiative_doc,141593,Iniciativa congreso:leg15:exp:121/000013/0000,Documento pdf vinculado a iniciativa congreso:leg15:exp:121/000013/0000 en https://www.congreso.es/public_oficiales/L15/CONG/BOCG/A/BOCG-15-A-13-1.PDF,https://www.congreso.es/public_oficiales/L15/CONG/BOCG/A/BOCG-15-A-13-1.PDF,"[""vivienda"", ""empleo"", ""sanidad"", ""educacion"", ""coste_vida"", ""energia"", ""transporte"", ""seguridad_justicia"", ""inmigracion"", ""corrupcion"", ""campo_rural"", ""igualdad""]"
factory-20260219-lane_d-001,parl_initiative_doc,141594,Iniciativa congreso:leg15:exp:121/000014/0000,Documento pdf vinculado a iniciativa congreso:leg15:exp:121/000014/0000 en https://www.congreso.es/public_oficiales/L15/CONG/BOCG/A/BOCG-15-A-14-1.PDF,https://www.congreso.es/public_oficiales/L15/CONG/BOCG/A/BOCG-15-A-14-1.PDF,"[""vivienda"", ""empleo"", ""sanidad"", ""educacion"", ""coste_vida"", ""energia"", ""transporte"", ""seguridad_justicia"", ""inmigracion"", ""corrupcion"", ""campo_rural"", ""igualdad""]"
factory-20260219-lane_d-001,parl_initiative_doc,141595,Iniciativa congreso:leg15:exp:121/000015/0000,Documento pdf vinculado a iniciativa congreso:leg15:exp:121/000015/0000 en https://www.congreso.es/public_oficiales/L15/CONG/BOCG/A/BOCG-15-A-15-1.PDF,https://www.congreso.es/public_oficiales/L15/CONG/BOCG/A/BOCG-15-A-15-1.PDF,"[""vivienda"", ""empleo"", ""sanidad"", ""educacion"", ""coste_vida"", ""energia"", ""transporte"", ""seguridad_justicia"", ""inmigracion"", ""corrupcion"", ""campo_rural"", ""igualdad""]"
factory-20260219-lane_d-001,parl_initiative_doc,141596,Iniciativa congreso:leg15:exp:121/000004/0000,Documento pdf vinculado a iniciativa congreso:leg15:exp:121/000004/0000 en https://www.congreso.es/public_oficiales/L15/CONG/BOCG/A/BOCG-15-A-4-1.PDF,https://www.congreso.es/public_oficiales/L15/CONG/BOCG/A/BOCG-15-A-4-1.PDF,"[""vivienda"", ""empleo"", ""sanidad"", ""educacion"", ""coste_vida"", ""energia"", ""transporte"", ""seguridad_justicia"", ""inmigracion"", ""corrupcion"", ""campo_rural"", ""igualdad""]"
factory-20260219-lane_d-001,parl_initiative_doc,141597,Iniciativa congreso:leg15:exp:121/000005/0000,Documento pdf vinculado a iniciativa congreso:leg15:exp:121/000005/0000 en https://www.congreso.es/public_oficiales/L15/CONG/BOCG/A/BOCG-15-A-5-1.PDF,https://www.congreso.es/public_oficiales/L15/CONG/BOCG/A/BOCG-15-A-5-1.PDF,"[""vivienda"", ""empleo"", ""sanidad"", ""educacion"", ""coste_vida"", ""energia"", ""transporte"", ""seguridad_justicia"", ""inmigracion"", ""corrupcion"", ""campo_rural"", ""igualdad""]"
factory-20260219-lane_d-001,parl_initiative_doc,141598,Iniciativa congreso:leg15:exp:121/000006/0000,Documento pdf vinculado a iniciativa congreso:leg15:exp:121/000006/0000 en https://www.congreso.es/public_oficiales/L15/CONG/BOCG/A/BOCG-15-A-6-1.PDF,https://www.congreso.es/public_oficiales/L15/CONG/BOCG/A/BOCG-15-A-6-1.PDF,"[""vivienda"", ""empleo"", ""sanidad"", ""educacion"", ""coste_vida"", ""energia"", ""transporte"", ""seguridad_justicia"", ""inmigracion"", ""corrupcion"", ""campo_rural"", ""igualdad""]"
factory-20260219-lane_d-001,parl_initiative_doc,141599,Iniciativa congreso:leg15:exp:121/000009/0000,Documento pdf vinculado a iniciativa congreso:leg15:exp:121/000009/0000 en https://www.congreso.es/public_oficiales/L15/CONG/BOCG/A/BOCG-15-A-9-1.PDF,https://www.congreso.es/public_oficiales/L15/CONG/BOCG/A/BOCG-15-A-9-1.PDF,"[""vivienda"", ""empleo"", ""sanidad"", ""educacion"", ""coste_vida"", ""energia"", ""transporte"", ""seguridad_justicia"", ""inmigracion"", ""corrupcion"", ""campo_rural"", ""igualdad""]"
factory-20260219-lane_d-001,parl_initiative_doc,141600,Iniciativa congreso:leg15:exp:121/000006/0000,Documento pdf vinculado a iniciativa congreso:leg15:exp:121/000006/0000 en https://www.congreso.es/public_oficiales/L15/CONG/DS/CO/DSCD-15-CO-142.PDF,https://www.congreso.es/public_oficiales/L15/CONG/DS/CO/DSCD-15-CO-142.PDF,"[""vivienda"", ""empleo"", ""sanidad"", ""educacion"", ""coste_vida"", ""energia"", ""transporte"", ""seguridad_justicia"", ""inmigracion"", ""corrupcion"", ""campo_rural"", ""igualdad""]"
factory-20260219-lane_d-001,parl_initiative_doc,141601,Iniciativa congreso:leg15:exp:121/000012/0000,Documento pdf vinculado a iniciativa congreso:leg15:exp:121/000012/0000 en https://www.congreso.es/public_oficiales/L15/CONG/DS/PL/DSCD-15-PL-105.PDF,https://www.congreso.es/public_oficiales/L15/CONG/DS/PL/DSCD-15-PL-105.PDF,"[""vivienda"", ""empleo"", ""sanidad"", ""educacion"", ""coste_vida"", ""energia"", ""transporte"", ""seguridad_justicia"", ""inmigracion"", ""corrupcion"", ""campo_rural"", ""igualdad""]"
factory-20260219-lane_d-001,parl_initiative_doc,141602,Iniciativa congreso:leg15:exp:121/000005/0000,Documento pdf vinculado a iniciativa congreso:leg15:exp:121/000005/0000 en https://www.congreso.es/public_oficiales/L15/CONG/DS/PL/DSCD-15-PL-23.PDF,https://www.congreso.es/public_oficiales/L15/CONG/DS/PL/DSCD-15-PL-23.PDF,"[""vivienda"", ""empleo"", ""sanidad"", ""educacion"", ""coste_vida"", ""energia"", ""transporte"", ""seguridad_justicia"", ""inmigracion"", ""corrupcion"", ""campo_rural"", ""igualdad""]"
factory-20260219-lane_d-001,parl_initiative_doc,141602,Iniciativa congreso:leg15:exp:122/000016/0000,Documento pdf vinculado a iniciativa congreso:leg15:exp:122/000016/0000 en https://www.congreso.es/public_oficiales/L15/CONG/DS/PL/DSCD-15-PL-23.PDF,https://www.congreso.es/public_oficiales/L15/CONG/DS/PL/DSCD-15-PL-23.PDF,"[""vivienda"", ""empleo"", ""sanidad"", ""educacion"", ""coste_vida"", ""energia"", ""transporte"", ""seguridad_justicia"", ""inmigracion"", ""corrupcion"", ""campo_rural"", ""igualdad""]"
factory-20260219-lane_d-001,parl_initiative_doc,141602,Iniciativa congreso:leg15:exp:122/000018/0000,Documento pdf vinculado a iniciativa congreso:leg15:exp:122/000018/0000 en https://www.congreso.es/public_oficiales/L15/CONG/DS/PL/DSCD-15-PL-23.PDF,https://www.congreso.es/public_oficiales/L15/CONG/DS/PL/DSCD-15-PL-23.PDF,"[""vivienda"", ""empleo"", ""sanidad"", ""educacion"", ""coste_vida"", ""energia"", ""transporte"", ""seguridad_justicia"", ""inmigracion"", ""corrupcion"", ""campo_rural"", ""igualdad""]"
factory-20260219-lane_d-001,parl_initiative_doc,141603,Iniciativa congreso:leg15:exp:121/000001/0000,Documento pdf vinculado a iniciativa congreso:leg15:exp:121/000001/0000 en https://www.congreso.es/public_oficiales/L15/CONG/DS/PL/DSCD-15-PL-25.PDF,https://www.congreso.es/public_oficiales/L15/CONG/DS/PL/DSCD-15-PL-25.PDF,"[""vivienda"", ""empleo"", ""sanidad"", ""educacion"", ""coste_vida"", ""energia"", ""transporte"", ""seguridad_justicia"", ""inmigracion"", ""corrupcion"", ""campo_rural"", ""igualdad""]"
factory-20260219-lane_d-001,parl_initiative_doc,141604,Iniciativa congreso:leg15:exp:121/000004/0000,Documento pdf vinculado a iniciativa congreso:leg15:exp:121/000004/0000 en https://www.congreso.es/public_oficiales/L15/CONG/DS/PL/DSCD-15-PL-31.PDF,https://www.congreso.es/public_oficiales/L15/CONG/DS/PL/DSCD-15-PL-31.PDF,"[""vivienda"", ""empleo"", ""sanidad"", ""educacion"", ""coste_vida"", ""energia"", ""transporte"", ""seguridad_justicia"", ""inmigracion"", ""corrupcion"", ""campo_rural"", ""igualdad""]"
factory-20260219-lane_d-001,parl_initiative_doc,141605,Iniciativa congreso:leg15:exp:121/000010/0000,Documento pdf vinculado a iniciativa congreso:leg15:exp:121/000010/0000 en https://www.congreso.es/public_oficiales/L15/CONG/DS/PL/DSCD-15-PL-42.PDF,https://www.congreso.es/public_oficiales/L15/CONG/DS/PL/DSCD-15-PL-42.PDF,"[""vivienda"", ""empleo"", ""sanidad"", ""educacion"", ""coste_vida"", ""energia"", ""transporte"", ""seguridad_justicia"", ""inmigracion"", ""corrupcion"", ""campo_rural"", ""igualdad""]"
factory-20260219-lane_d-001,parl_initiative_doc,141605,Iniciativa congreso:leg15:exp:121/000014/0000,Documento pdf vinculado a iniciativa congreso:leg15:exp:121/000014/0000 en https://www.congreso.es/public_oficiales/L15/CONG/DS/PL/DSCD-15-PL-42.PDF,https://www.congreso.es/public_oficiales/L15/CONG/DS/PL/DSCD-15-PL-42.PDF,"[""vivienda"", ""empleo"", ""sanidad"", ""educacion"", ""coste_vida"", ""energia"", ""transporte"", ""seguridad_justicia"", ""inmigracion"", ""corrupcion"", ""campo_rural"", ""igualdad""]"
factory-20260219-lane_d-001,parl_initiative_doc,141605,Iniciativa congreso:leg15:exp:121/000015/0000,Documento pdf vinculado a iniciativa congreso:leg15:exp:121/000015/0000 en https://www.congreso.es/public_oficiales/L15/CONG/DS/PL/DSCD-15-PL-42.PDF,https://www.congreso.es/public_oficiales/L15/CONG/DS/PL/DSCD-15-PL-42.PDF,"[""vivienda"", ""empleo"", ""sanidad"", ""educacion"", ""coste_vida"", ""energia"", ""transporte"", ""seguridad_justicia"", ""inmigracion"", ""corrupcion"", ""campo_rural"", ""igualdad""]"
factory-20260219-lane_d-001,parl_initiative_doc,141606,Iniciativa congreso:leg15:exp:121/000013/0000,Documento pdf vinculado a iniciativa congreso:leg15:exp:121/000013/0000 en https://www.congreso.es/public_oficiales/L15/CONG/DS/PL/DSCD-15-PL-48.PDF,https://www.congreso.es/public_oficiales/L15/CONG/DS/PL/DSCD-15-PL-48.PDF,"[""vivienda"", ""empleo"", ""sanidad"", ""educacion"", ""coste_vida"", ""energia"", ""transporte"", ""seguridad_justicia"", ""inmigracion"", ""corrupcion"", ""campo_rural"", ""igualdad""]"
factory-20260219-lane_d-001,parl_initiative_doc,141607,Iniciativa congreso:leg15:exp:121/000009/0000,Documento pdf vinculado a iniciativa congreso:leg15:exp:121/000009/0000 en https://www.congreso.es/public_oficiales/L15/CONG/DS/PL/DSCD-15-PL-66.PDF,https://www.congreso.es/public_oficiales/L15/CONG/DS/PL/DSCD-15-PL-66.PDF,"[""vivienda"", ""empleo"", ""sanidad"", ""educacion"", ""coste_vida"", ""energia"", ""transporte"", ""seguridad_justicia"", ""inmigracion"", ""corrupcion"", ""campo_rural"", ""igualdad""]"
factory-20260219-lane_d-001,parl_initiative_doc,141607,Iniciativa congreso:leg15:exp:121/000023/0000,Documento pdf vinculado a iniciativa congreso:leg15:exp:121/000023/0000 en https://www.congreso.es/public_oficiales/L15/CONG/DS/PL/DSCD-15-PL-66.PDF,https://www.congreso.es/public_oficiales/L15/CONG/DS/PL/DSCD-15-PL-66.PDF,"[""vivienda"", ""empleo"", ""sanidad"", ""educacion"", ""coste_vida"", ""energia"", ""transporte"", ""seguridad_justicia"", ""inmigracion"", ""corrupcion"", ""campo_rural"", ""igualdad""]"
factory-20260219-lane_d-001,parl_initiative_doc,141608,Iniciativa congreso:ley:13:2025,Documento pdf vinculado a iniciativa congreso:ley:13:2025 en https://www.congreso.es/constitucion/ficheros/leyes_espa/rdl_013_2025_conv.pdf,https://www.congreso.es/constitucion/ficheros/leyes_espa/rdl_013_2025_conv.pdf,"[""vivienda"", ""empleo"", ""sanidad"", ""educacion"", ""coste_vida"", ""energia"", ""transporte"", ""seguridad_justicia"", ""inmigracion"", ""corrupcion"", ""campo_rural"", ""igualdad""]"
factory-20260219-lane_d-001,parl_initiative_doc,141609,Iniciativa congreso:ley:16:2025,Documento pdf vinculado a iniciativa congreso:ley:16:2025 en https://www.congreso.es/constitucion/ficheros/leyes_espa/rdl_016_2025.pdf,https://www.congreso.es/constitucion/ficheros/leyes_espa/rdl_016_2025.pdf,"[""vivienda"", ""empleo"", ""sanidad"", ""educacion"", ""coste_vida"", ""energia"", ""transporte"", ""seguridad_justicia"", ""inmigracion"", ""corrupcion"", ""campo_rural"", ""igualdad""]"
factory-20260219-lane_d-001,parl_initiative_doc,141610,Iniciativa congreso:ley:17:2025,Documento pdf vinculado a iniciativa congreso:ley:17:2025 en https://www.congreso.es/constitucion/ficheros/leyes_espa/rdl_017_2025.pdf,https://www.congreso.es/constitucion/ficheros/leyes_espa/rdl_017_2025.pdf,"[""vivienda"", ""empleo"", ""sanidad"", ""educacion"", ""coste_vida"", ""energia"", ""transporte"", ""seguridad_justicia"", ""inmigracion"", ""corrupcion"", ""campo_rural"", ""igualdad""]"
factory-20260219-lane_d-001,parl_initiative_doc,141611,Iniciativa congreso:leg15:exp:122/000241/0000,Documento pdf vinculado a iniciativa congreso:leg15:exp:122/000241/0000 en https://www.congreso.es/public_oficiales/L15/CONG/BOCG/B/BOCG-15-B-286-1.PDF,https://www.congreso.es/public_oficiales/L15/CONG/BOCG/B/BOCG-15-B-286-1.PDF,"[""vivienda"", ""empleo"", ""sanidad"", ""educacion"", ""coste_vida"", ""energia"", ""transporte"", ""seguridad_justicia"", ""inmigracion"", ""corrupcion"", ""campo_rural"", ""igualdad""]"
factory-20260219-lane_d-001,parl_initiative_doc,141612,Iniciativa congreso:leg15:exp:122/000083/0000,Documento pdf vinculado a iniciativa congreso:leg15:exp:122/000083/0000 en https://www.congreso.es/public_oficiales/L15/CONG/BOCG/B/BOCG-15-B-97-1.PDF,https://www.congreso.es/public_oficiales/L15/CONG/BOCG/B/BOCG-15-B-97-1.PDF,"[""vivienda"", ""empleo"", ""sanidad"", ""educacion"", ""coste_vida"", ""energia"", ""transporte"", ""seguridad_justicia"", ""inmigracion"", ""corrupcion"", ""campo_rural"", ""igualdad""]"
factory-20260219-lane_d-001,parl_initiative_doc,141613,Iniciativa congreso:leg15:exp:122/000083/0000,Documento pdf vinculado a iniciativa congreso:leg15:exp:122/000083/0000 en https://www.congreso.es/public_oficiales/L15/CONG/DS/PL/DSCD-15-PL-62.PDF,https://www.congreso.es/public_oficiales/L15/CONG/DS/PL/DSCD-15-PL-62.PDF,"[""vivienda"", ""empleo"", ""sanidad"", ""educacion"", ""coste_vida"", ""energia"", ""transporte"", ""seguridad_justicia"", ""inmigracion"", ""corrupcion"", ""campo_rural"", ""igualdad""]"
factory-20260219-lane_d-001,parl_initiative_doc,141613,Iniciativa congreso:leg15:exp:121/000017/0000,Documento pdf vinculado a iniciativa congreso:leg15:exp:121/000017/0000 en https://www.congreso.es/public_oficiales/L15/CONG/DS/PL/DSCD-15-PL-62.PDF,https://www.congreso.es/public_oficiales/L15/CONG/DS/PL/DSCD-15-PL-62.PDF,"[""vivienda"", ""empleo"", ""sanidad"", ""educacion"", ""coste_vida"", ""energia"", ""transporte"", ""seguridad_justicia"", ""inmigracion"", ""corrupcion"", ""campo_rural"", ""igualdad""]"
factory-20260219-lane_d-001,parl_initiative_doc,141613,Iniciativa congreso:leg15:exp:122/000119/0000,Documento pdf vinculado a iniciativa congreso:leg15:exp:122/000119/0000 en https://www.congreso.es/public_oficiales/L15/CONG/DS/PL/DSCD-15-PL-62.PDF,https://www.congreso.es/public_oficiales/L15/CONG/DS/PL/DSCD-15-PL-62.PDF,"[""vivienda"", ""empleo"", ""sanidad"", ""educacion"", ""coste_vida"", ""energia"", ""transporte"", ""seguridad_justicia"", ""inmigracion"", ""corrupcion"", ""campo_rural"", ""igualdad""]"
factory-20260219-lane_d-001,parl_initiative_doc,141614,Iniciativa congreso:ley:1:2025,Documento pdf vinculado a iniciativa congreso:ley:1:2025 en https://www.congreso.es/constitucion/ficheros/leyes_espa/lo_001_2025_corr.pdf,https://www.congreso.es/constitucion/ficheros/leyes_espa/lo_001_2025_corr.pdf,"[""vivienda"", ""empleo"", ""sanidad"", ""educacion"", ""coste_vida"", ""energia"", ""transporte"", ""seguridad_justicia"", ""inmigracion"", ""corrupcion"", ""campo_rural"", ""igualdad""]"
factory-20260219-lane_d-001,parl_initiative_doc,141615,Iniciativa congreso:ley:2:2025,Documento pdf vinculado a iniciativa congreso:ley:2:2025 en https://www.congreso.es/constitucion/ficheros/leyes_espa/lo_002_2025.pdf,https://www.congreso.es/constitucion/ficheros/leyes_espa/lo_002_2025.pdf,"[""vivienda"", ""empleo"", ""sanidad"", ""educacion"", ""coste_vida"", ""energia"", ""transporte"", ""seguridad_justicia"", ""inmigracion"", ""corrupcion"", ""campo_rural"", ""igualdad""]"
factory-20260219-lane_d-001,parl_initiative_doc,141616,Iniciativa congreso:ley:3:2025,Documento pdf vinculado a iniciativa congreso:ley:3:2025 en https://www.congreso.es/constitucion/ficheros/leyes_espa/lo_003_2025.pdf,https://www.congreso.es/constitucion/ficheros/leyes_espa/lo_003_2025.pdf,"[""vivienda"", ""empleo"", ""sanidad"", ""educacion"", ""coste_vida"", ""energia"", ""transporte"", ""seguridad_justicia"", ""inmigracion"", ""corrupcion"", ""campo_rural"", ""igualdad""]"
factory-20260219-lane_d-001,parl_initiative_doc,141617,Iniciativa congreso:ley:5:2024,Documento pdf vinculado a iniciativa congreso:ley:5:2024 en https://www.congreso.es/constitucion/ficheros/leyes_espa/lo_005_2024.pdf,https://www.congreso.es/constitucion/ficheros/leyes_espa/lo_005_2024.pdf,"[""vivienda"", ""empleo"", ""sanidad"", ""educacion"", ""coste_vida"", ""energia"", ""transporte"", ""seguridad_justicia"", ""inmigracion"", ""corrupcion"", ""campo_rural"", ""igualdad""]"
factory-20260219-lane_d-001,parl_initiative_doc,141618,Iniciativa congreso:ley:6:2024,Documento pdf vinculado a iniciativa congreso:ley:6:2024 en https://www.congreso.es/constitucion/ficheros/leyes_espa/lo_006_2024.pdf,https://www.congreso.es/constitucion/ficheros/leyes_espa/lo_006_2024.pdf,"[""vivienda"", ""empleo"", ""sanidad"", ""educacion"", ""coste_vida"", ""energia"", ""transporte"", ""seguridad_justicia"", ""inmigracion"", ""corrupcion"", ""campo_rural"", ""igualdad""]"
factory-20260219-lane_d-001,parl_initiative_doc,141619,Iniciativa congreso:ley:4:2025,Documento pdf vinculado a iniciativa congreso:ley:4:2025 en https://www.congreso.es/constitucion/ficheros/leyes_espa/rdl_004_2025_conv.pdf,https://www.congreso.es/constitucion/ficheros/leyes_espa/rdl_004_2025_conv.pdf,"[""vivienda"", ""empleo"", ""sanidad"", ""educacion"", ""coste_vida"", ""energia"", ""transporte"", ""seguridad_justicia"", ""inmigracion"", ""corrupcion"", ""campo_rural"", ""igualdad""]"
factory-20260219-lane_d-001,parl_initiative_doc,141620,Iniciativa congreso:ley:5:2025,Documento pdf vinculado a iniciativa congreso:ley:5:2025 en https://www.congreso.es/constitucion/ficheros/leyes_espa/rdl_005_2025_corr.pdf,https://www.congreso.es/constitucion/ficheros/leyes_espa/rdl_005_2025_corr.pdf,"[""vivienda"", ""empleo"", ""sanidad"", ""educacion"", ""coste_vida"", ""energia"", ""transporte"", ""seguridad_justicia"", ""inmigracion"", ""corrupcion"", ""campo_rural"", ""igualdad""]"
factory-20260219-lane_d-001,parl_initiative_doc,141621,Iniciativa congreso:ley:6:2025,Documento pdf vinculado a iniciativa congreso:ley:6:2025 en https://www.congreso.es/constitucion/ficheros/leyes_espa/rdl_006_2025_conv.pdf,https://www.congreso.es/constitucion/ficheros/leyes_espa/rdl_006_2025_conv.pdf,"[""vivienda"", ""empleo"", ""sanidad"", ""educacion"", ""coste_vida"", ""energia"", ""transporte"", ""seguridad_justicia"", ""inmigracion"", ""corrupcion"", ""campo_rural"", ""igualdad""]"
factory-20260219-lane_d-001,parl_initiative_doc,141622,Iniciativa congreso:ley:7:2024,Documento pdf vinculado a iniciativa congreso:ley:7:2024 en https://www.congreso.es/constitucion/ficheros/leyes_espa/rdl_007_2024.pdf,https://www.congreso.es/constitucion/ficheros/leyes_espa/rdl_007_2024.pdf,"[""vivienda"", ""empleo"", ""sanidad"", ""educacion"", ""coste_vida"", ""energia"", ""transporte"", ""seguridad_justicia"", ""inmigracion"", ""corrupcion"", ""campo_rural"", ""igualdad""]"
factory-20260219-lane_d-001,parl_initiative_doc,141623,Iniciativa congreso:ley:7:2025,Documento pdf vinculado a iniciativa congreso:ley:7:2025 en https://www.congreso.es/constitucion/ficheros/leyes_espa/rdl_007_2025_der.pdf,https://www.congreso.es/constitucion/ficheros/leyes_espa/rdl_007_2025_der.pdf,"[""vivienda"", ""empleo"", ""sanidad"", ""educacion"", ""coste_vida"", ""energia"", ""transporte"", ""seguridad_justicia"", ""inmigracion"", ""corrupcion"", ""campo_rural"", ""igualdad""]"
factory-20260219-lane_d-001,parl_initiative_doc,141624,Iniciativa congreso:ley:8:2024,Documento pdf vinculado a iniciativa congreso:ley:8:2024 en https://www.congreso.es/constitucion/ficheros/leyes_espa/rdl_008_2024_corr.pdf,https://www.congreso.es/constitucion/ficheros/leyes_espa/rdl_008_2024_corr.pdf,"[""vivienda"", ""empleo"", ""sanidad"", ""educacion"", ""coste_vida"", ""energia"", ""transporte"", ""seguridad_justicia"", ""inmigracion"", ""corrupcion"", ""campo_rural"", ""igualdad""]"
factory-20260219-lane_d-001,parl_initiative_doc,141625,Iniciativa congreso:ley:8:2025,Documento pdf vinculado a iniciativa congreso:ley:8:2025 en https://www.congreso.es/constitucion/ficheros/leyes_espa/rdl_008_2025_conv.pdf,https://www.congreso.es/constitucion/ficheros/leyes_espa/rdl_008_2025_conv.pdf,"[""vivienda"", ""empleo"", ""sanidad"", ""educacion"", ""coste_vida"", ""energia"", ""transporte"", ""seguridad_justicia"", ""inmigracion"", ""corrupcion"", ""campo_rural"", ""igualdad""]"
factory-20260219-lane_d-001,parl_initiative_doc,141626,Iniciativa congreso:ley:9:2024,Documento pdf vinculado a iniciativa congreso:ley:9:2024 en https://www.congreso.es/constitucion/ficheros/leyes_espa/rdl_009_2024_derog.pdf,https://www.congreso.es/constitucion/ficheros/leyes_espa/rdl_009_2024_derog.pdf,"[""vivienda"", ""empleo"", ""sanidad"", ""educacion"", ""coste_vida"", ""energia"", ""transporte"", ""seguridad_justicia"", ""inmigracion"", ""corrupcion"", ""campo_rural"", ""igualdad""]"
factory-20260219-lane_d-001,parl_initiative_doc,141627,Iniciativa congreso:ley:9:2025,Documento pdf vinculado a iniciativa congreso:ley:9:2025 en https://www.congreso.es/constitucion/ficheros/leyes_espa/rdl_009_2025_conv.pdf,https://www.congreso.es/constitucion/ficheros/leyes_espa/rdl_009_2025_conv.pdf,"[""vivienda"", ""empleo"", ""sanidad"", ""educacion"", ""coste_vida"", ""energia"", ""transporte"", ""seguridad_justicia"", ""inmigracion"", ""corrupcion"", ""campo_rural"", ""igualdad""]"
factory-20260219-lane_d-001,parl_initiative_doc,141628,Iniciativa congreso:ley:10:2024,Documento pdf vinculado a iniciativa congreso:ley:10:2024 en https://www.congreso.es/constitucion/ficheros/leyes_espa/rdl_010_2024_derog.pdf,https://www.congreso.es/constitucion/ficheros/leyes_espa/rdl_010_2024_derog.pdf,"[""vivienda"", ""empleo"", ""sanidad"", ""educacion"", ""coste_vida"", ""energia"", ""transporte"", ""seguridad_justicia"", ""inmigracion"", ""corrupcion"", ""campo_rural"", ""igualdad""]"
factory-20260219-lane_d-001,parl_initiative_doc,141629,Iniciativa congreso:ley:10:2025,Documento pdf vinculado a iniciativa congreso:ley:10:2025 en https://www.congreso.es/constitucion/ficheros/leyes_espa/rdl_010_2025_conv.pdf,https://www.congreso.es/constitucion/ficheros/leyes_espa/rdl_010_2025_conv.pdf,"[""vivienda"", ""empleo"", ""sanidad"", ""educacion"", ""coste_vida"", ""energia"", ""transporte"", ""seguridad_justicia"", ""inmigracion"", ""corrupcion"", ""campo_rural"", ""igualdad""]"
factory-20260219-lane_d-001,parl_initiative_doc,141630,Iniciativa congreso:ley:11:2024,Documento pdf vinculado a iniciativa congreso:ley:11:2024 en https://www.congreso.es/constitucion/ficheros/leyes_espa/rdl_011_2024.pdf,https://www.congreso.es/constitucion/ficheros/leyes_espa/rdl_011_2024.pdf,"[""vivienda"", ""empleo"", ""sanidad"", ""educacion"", ""coste_vida"", ""energia"", ""transporte"", ""seguridad_justicia"", ""inmigracion"", ""corrupcion"", ""campo_rural"", ""igualdad""]"
factory-20260219-lane_d-001,parl_initiative_doc,141631,Iniciativa congreso:ley:11:2025,Documento pdf vinculado a iniciativa congreso:ley:11:2025 en https://www.congreso.es/constitucion/ficheros/leyes_espa/rdl_011_2025_conv.pdf,https://www.congreso.es/constitucion/ficheros/leyes_espa/rdl_011_2025_conv.pdf,"[""vivienda"", ""empleo"", ""sanidad"", ""educacion"", ""coste_vida"", ""energia"", ""transporte"", ""seguridad_justicia"", ""inmigracion"", ""corrupcion"", ""campo_rural"", ""igualdad""]"
factory-20260219-lane_d-001,parl_initiative_doc,141632,Iniciativa congreso:ley:12:2025,Documento pdf vinculado a iniciativa congreso:ley:12:2025 en https://www.congreso.es/constitucion/ficheros/leyes_espa/rdl_012_2025.pdf,https://www.congreso.es/constitucion/ficheros/leyes_espa/rdl_012_2025.pdf,"[""vivienda"", ""empleo"", ""sanidad"", ""educacion"", ""coste_vida"", ""energia"", ""transporte"", ""seguridad_justicia"", ""inmigracion"", ""corrupcion"", ""campo_rural"", ""igualdad""]"
factory-20260219-lane_d-001,parl_initiative_doc,141633,Iniciativa congreso:ley:14:2025,Documento pdf vinculado a iniciativa congreso:ley:14:2025 en https://www.congreso.es/constitucion/ficheros/leyes_espa/rdl_014_2025.pdf,https://www.congreso.es/constitucion/ficheros/leyes_espa/rdl_014_2025.pdf,"[""vivienda"", ""empleo"", ""sanidad"", ""educacion"", ""coste_vida"", ""energia"", ""transporte"", ""seguridad_justicia"", ""inmigracion"", ""corrupcion"", ""campo_rural"", ""igualdad""]"
factory-20260219-lane_d-001,parl_initiative_doc,141634,Iniciativa congreso:ley:15:2025,Documento pdf vinculado a iniciativa congreso:ley:15:2025 en https://www.congreso.es/constitucion/ficheros/leyes_espa/rdl_015_2025_conv.pdf,https://www.congreso.es/constitucion/ficheros/leyes_espa/rdl_015_2025_conv.pdf,"[""vivienda"", ""empleo"", ""sanidad"", ""educacion"", ""coste_vida"", ""energia"", ""transporte"", ""seguridad_justicia"", ""inmigracion"", ""corrupcion"", ""campo_rural"", ""igualdad""]"
factory-20260219-lane_d-001,parl_initiative_doc,141635,Iniciativa congreso:leg15:exp:121/000016/0000,Documento pdf vinculado a iniciativa congreso:leg15:exp:121/000016/0000 en https://www.congreso.es/public_oficiales/L15/CONG/BOCG/A/BOCG-15-A-16-1.PDF,https://www.congreso.es/public_oficiales/L15/CONG/BOCG/A/BOCG-15-A-16-1.PDF,"[""vivienda"", ""empleo"", ""sanidad"", ""educacion"", ""coste_vida"", ""energia"", ""transporte"", ""seguridad_justicia"", ""inmigracion"", ""corrupcion"", ""campo_rural"", ""igualdad""]"
factory-20260219-lane_d-001,parl_initiative_doc,141636,Iniciativa congreso:leg15:exp:121/000016/0000,Documento pdf vinculado a iniciativa congreso:leg15:exp:121/000016/0000 en https://www.congreso.es/public_oficiales/L15/CONG/BOCG/A/BOCG-15-A-16-2.PDF,https://www.congreso.es/public_oficiales/L15/CONG/BOCG/A/BOCG-15-A-16-2.PDF,"[""vivienda"", ""empleo"", ""sanidad"", ""educacion"", ""coste_vida"", ""energia"", ""transporte"", ""seguridad_justicia"", ""inmigracion"", ""corrupcion"", ""campo_rural"", ""igualdad""]"
factory-20260219-lane_d-001,parl_initiative_doc,141637,Iniciativa congreso:leg15:exp:121/000018/0000,Documento pdf vinculado a iniciativa congreso:leg15:exp:121/000018/0000 en https://www.congreso.es/public_oficiales/L15/CONG/BOCG/A/BOCG-15-A-18-1.PDF,https://www.congreso.es/public_oficiales/L15/CONG/BOCG/A/BOCG-15-A-18-1.PDF,"[""vivienda"", ""empleo"", ""sanidad"", ""educacion"", ""coste_vida"", ""energia"", ""transporte"", ""seguridad_justicia"", ""inmigracion"", ""corrupcion"", ""campo_rural"", ""igualdad""]"
factory-20260219-lane_d-001,parl_initiative_doc,141638,Iniciativa congreso:leg15:exp:121/000018/0000,Documento pdf vinculado a iniciativa congreso:leg15:exp:121/000018/0000 en https://www.congreso.es/public_oficiales/L15/CONG/BOCG/A/BOCG-15-A-18-2.PDF,https://www.congreso.es/public_oficiales/L15/CONG/BOCG/A/BOCG-15-A-18-2.PDF,"[""vivienda"", ""empleo"", ""sanidad"", ""educacion"", ""coste_vida"", ""energia"", ""transporte"", ""seguridad_justicia"", ""inmigracion"", ""corrupcion"", ""campo_rural"", ""igualdad""]"
factory-20260219-lane_d-001,parl_initiative_doc,141639,Iniciativa congreso:leg15:exp:121/000020/0000,Documento pdf vinculado a iniciativa congreso:leg15:exp:121/000020/0000 en https://www.congreso.es/public_oficiales/L15/CONG/BOCG/A/BOCG-15-A-20-1.PDF,https://www.congreso.es/public_oficiales/L15/CONG/BOCG/A/BOCG-15-A-20-1.PDF,"[""vivienda"", ""empleo"", ""sanidad"", ""educacion"", ""coste_vida"", ""energia"", ""transporte"", ""seguridad_justicia"", ""inmigracion"", ""corrupcion"", ""campo_rural"", ""igualdad""]"
factory-20260219-lane_d-001,parl_initiative_doc,141640,Iniciativa congreso:leg15:exp:121/000020/0000,Documento pdf vinculado a iniciativa congreso:leg15:exp:121/000020/0000 en https://www.congreso.es/public_oficiales/L15/CONG/BOCG/A/BOCG-15-A-20-2.PDF,https://www.congreso.es/public_oficiales/L15/CONG/BOCG/A/BOCG-15-A-20-2.PDF,"[""vivienda"", ""empleo"", ""sanidad"", ""educacion"", ""coste_vida"", ""energia"", ""transporte"", ""seguridad_justicia"", ""inmigracion"", ""corrupcion"", ""campo_rural"", ""igualdad""]"
factory-20260219-lane_d-001,parl_initiative_doc,141641,Iniciativa congreso:leg15:exp:121/000023/0000,Documento pdf vinculado a iniciativa congreso:leg15:exp:121/000023/0000 en https://www.congreso.es/public_oficiales/L15/CONG/BOCG/A/BOCG-15-A-23-1.PDF,https://www.congreso.es/public_oficiales/L15/CONG/BOCG/A/BOCG-15-A-23-1.PDF,"[""vivienda"", ""empleo"", ""sanidad"", ""educacion"", ""coste_vida"", ""energia"", ""transporte"", ""seguridad_justicia"", ""inmigracion"", ""corrupcion"", ""campo_rural"", ""igualdad""]"
factory-20260219-lane_d-001,parl_initiative_doc,141642,Iniciativa congreso:leg15:exp:121/000023/0000,Documento pdf vinculado a iniciativa congreso:leg15:exp:121/000023/0000 en https://www.congreso.es/public_oficiales/L15/CONG/BOCG/A/BOCG-15-A-23-2.PDF,https://www.congreso.es/public_oficiales/L15/CONG/BOCG/A/BOCG-15-A-23-2.PDF,"[""vivienda"", ""empleo"", ""sanidad"", ""educacion"", ""coste_vida"", ""energia"", ""transporte"", ""seguridad_justicia"", ""inmigracion"", ""corrupcion"", ""campo_rural"", ""igualdad""]"
factory-20260219-lane_d-001,parl_initiative_doc,141643,Iniciativa congreso:leg15:exp:121/000030/0000,Documento pdf vinculado a iniciativa congreso:leg15:exp:121/000030/0000 en https://www.congreso.es/public_oficiales/L15/CONG/BOCG/A/BOCG-15-A-30-1.PDF,https://www.congreso.es/public_oficiales/L15/CONG/BOCG/A/BOCG-15-A-30-1.PDF,"[""vivienda"", ""empleo"", ""sanidad"", ""educacion"", ""coste_vida"", ""energia"", ""transporte"", ""seguridad_justicia"", ""inmigracion"", ""corrupcion"", ""campo_rural"", ""igualdad""]"
factory-20260219-lane_d-001,parl_initiative_doc,141644,Iniciativa congreso:leg15:exp:121/000030/0000,Documento pdf vinculado a iniciativa congreso:leg15:exp:121/000030/0000 en https://www.congreso.es/public_oficiales/L15/CONG/BOCG/A/BOCG-15-A-30-2.PDF,https://www.congreso.es/public_oficiales/L15/CONG/BOCG/A/BOCG-15-A-30-2.PDF,"[""vivienda"", ""empleo"", ""sanidad"", ""educacion"", ""coste_vida"", ""energia"", ""transporte"", ""seguridad_justicia"", ""inmigracion"", ""corrupcion"", ""campo_rural"", ""igualdad""]"
factory-20260219-lane_d-001,parl_initiative_doc,141645,Iniciativa congreso:leg15:exp:122/000108/0000,Documento pdf vinculado a iniciativa congreso:leg15:exp:122/000108/0000 en https://www.congreso.es/public_oficiales/L15/CONG/BOCG/B/BOCG-15-B-120-1.PDF,https://www.congreso.es/public_oficiales/L15/CONG/BOCG/B/BOCG-15-B-120-1.PDF,"[""vivienda"", ""empleo"", ""sanidad"", ""educacion"", ""coste_vida"", ""energia"", ""transporte"", ""seguridad_justicia"", ""inmigracion"", ""corrupcion"", ""campo_rural"", ""igualdad""]"
factory-20260219-lane_d-001,parl_initiative_doc,141646,Iniciativa congreso:leg15:exp:122/000108/0000,Documento pdf vinculado a iniciativa congreso:leg15:exp:122/000108/0000 en https://www.congreso.es/public_oficiales/L15/CONG/BOCG/B/BOCG-15-B-120-2.PDF,https://www.congreso.es/public_oficiales/L15/CONG/BOCG/B/BOCG-15-B-120-2.PDF,"[""vivienda"", ""empleo"", ""sanidad"", ""educacion"", ""coste_vida"", ""energia"", ""transporte"", ""seguridad_justicia"", ""inmigracion"", ""corrupcion"", ""campo_rural"", ""igualdad""]"
factory-20260219-lane_d-001,parl_initiative_doc,141647,Iniciativa congreso:leg15:exp:122/000114/0000,Documento pdf vinculado a iniciativa congreso:leg15:exp:122/000114/0000 en https://www.congreso.es/public_oficiales/L15/CONG/BOCG/B/BOCG-15-B-128-1.PDF,https://www.congreso.es/public_oficiales/L15/CONG/BOCG/B/BOCG-15-B-128-1.PDF,"[""vivienda"", ""empleo"", ""sanidad"", ""educacion"", ""coste_vida"", ""energia"", ""transporte"", ""seguridad_justicia"", ""inmigracion"", ""corrupcion"", ""campo_rural"", ""igualdad""]"
factory-20260219-lane_d-001,parl_initiative_doc,141648,Iniciativa congreso:leg15:exp:122/000114/0000,Documento pdf vinculado a iniciativa congreso:leg15:exp:122/000114/0000 en https://www.congreso.es/public_oficiales/L15/CONG/BOCG/B/BOCG-15-B-128-2.PDF,https://www.congreso.es/public_oficiales/L15/CONG/BOCG/B/BOCG-15-B-128-2.PDF,"[""vivienda"", ""empleo"", ""sanidad"", ""educacion"", ""coste_vida"", ""energia"", ""transporte"", ""seguridad_justicia"", ""inmigracion"", ""corrupcion"", ""campo_rural"", ""igualdad""]"
factory-20260219-lane_d-001,parl_initiative_doc,141649,Iniciativa congreso:leg15:exp:122/000124/0000,Documento pdf vinculado a iniciativa congreso:leg15:exp:122/000124/0000 en https://www.congreso.es/public_oficiales/L15/CONG/BOCG/B/BOCG-15-B-139-1.PDF,https://www.congreso.es/public_oficiales/L15/CONG/BOCG/B/BOCG-15-B-139-1.PDF,"[""vivienda"", ""empleo"", ""sanidad"", ""educacion"", ""coste_vida"", ""energia"", ""transporte"", ""seguridad_justicia"", ""inmigracion"", ""corrupcion"", ""campo_rural"", ""igualdad""]"
factory-20260219-lane_d-001,parl_initiative_doc,141650,Iniciativa congreso:leg15:exp:122/000124/0000,Documento pdf vinculado a iniciativa congreso:leg15:exp:122/000124/0000 en https://www.congreso.es/public_oficiales/L15/CONG/BOCG/B/BOCG-15-B-139-2.PDF,https://www.congreso.es/public_oficiales/L15/CONG/BOCG/B/BOCG-15-B-139-2.PDF,"[""vivienda"", ""empleo"", ""sanidad"", ""educacion"", ""coste_vida"", ""energia"", ""transporte"", ""seguridad_justicia"", ""inmigracion"", ""corrupcion"", ""campo_rural"", ""igualdad""]"
factory-20260219-lane_d-001,parl_initiative_doc,141651,Iniciativa congreso:leg15:exp:122/000125/0000,Documento pdf vinculado a iniciativa congreso:leg15:exp:122/000125/0000 en https://www.congreso.es/public_oficiales/L15/CONG/BOCG/B/BOCG-15-B-140-1.PDF,https://www.congreso.es/public_oficiales/L15/CONG/BOCG/B/BOCG-15-B-140-1.PDF,"[""vivienda"", ""empleo"", ""sanidad"", ""educacion"", ""coste_vida"", ""energia"", ""transporte"", ""seguridad_justicia"", ""inmigracion"", ""corrupcion"", ""campo_rural"", ""igualdad""]"
factory-20260219-lane_d-001,parl_initiative_doc,141652,Iniciativa congreso:leg15:exp:122/000125/0000,Documento pdf vinculado a iniciativa congreso:leg15:exp:122/000125/0000 en https://www.congreso.es/public_oficiales/L15/CONG/BOCG/B/BOCG-15-B-140-2.PDF,https://www.congreso.es/public_oficiales/L15/CONG/BOCG/B/BOCG-15-B-140-2.PDF,"[""vivienda"", ""empleo"", ""sanidad"", ""educacion"", ""coste_vida"", ""energia"", ""transporte"", ""seguridad_justicia"", ""inmigracion"", ""corrupcion"", ""campo_rural"", ""igualdad""]"
factory-20260219-lane_d-001,parl_initiative_doc,141653,Iniciativa congreso:leg15:exp:122/000126/0000,Documento pdf vinculado a iniciativa congreso:leg15:exp:122/000126/0000 en https://www.congreso.es/public_oficiales/L15/CONG/BOCG/B/BOCG-15-B-141-1.PDF,https://www.congreso.es/public_oficiales/L15/CONG/BOCG/B/BOCG-15-B-141-1.PDF,"[""vivienda"", ""empleo"", ""sanidad"", ""educacion"", ""coste_vida"", ""energia"", ""transporte"", ""seguridad_justicia"", ""inmigracion"", ""corrupcion"", ""campo_rural"", ""igualdad""]"
factory-20260219-lane_d-001,parl_initiative_doc,141654,Iniciativa congreso:leg15:exp:122/000126/0000,Documento pdf vinculado a iniciativa congreso:leg15:exp:122/000126/0000 en https://www.congreso.es/public_oficiales/L15/CONG/BOCG/B/BOCG-15-B-141-2.PDF,https://www.congreso.es/public_oficiales/L15/CONG/BOCG/B/BOCG-15-B-141-2.PDF,"[""vivienda"", ""empleo"", ""sanidad"", ""educacion"", ""coste_vida"", ""energia"", ""transporte"", ""seguridad_justicia"", ""inmigracion"", ""corrupcion"", ""campo_rural"", ""igualdad""]"
factory-20260219-lane_d-001,parl_initiative_doc,141655,Iniciativa congreso:leg15:exp:122/000130/0000,Documento pdf vinculado a iniciativa congreso:leg15:exp:122/000130/0000 en https://www.congreso.es/public_oficiales/L15/CONG/BOCG/B/BOCG-15-B-147-1.PDF,https://www.congreso.es/public_oficiales/L15/CONG/BOCG/B/BOCG-15-B-147-1.PDF,"[""vivienda"", ""empleo"", ""sanidad"", ""educacion"", ""coste_vida"", ""energia"", ""transporte"", ""seguridad_justicia"", ""inmigracion"", ""corrupcion"", ""campo_rural"", ""igualdad""]"
factory-20260219-lane_d-001,parl_initiative_doc,141656,Iniciativa congreso:leg15:exp:122/000130/0000,Documento pdf vinculado a iniciativa congreso:leg15:exp:122/000130/0000 en https://www.congreso.es/public_oficiales/L15/CONG/BOCG/B/BOCG-15-B-147-2.PDF,https://www.congreso.es/public_oficiales/L15/CONG/BOCG/B/BOCG-15-B-147-2.PDF,"[""vivienda"", ""empleo"", ""sanidad"", ""educacion"", ""coste_vida"", ""energia"", ""transporte"", ""seguridad_justicia"", ""inmigracion"", ""corrupcion"", ""campo_rural"", ""igualdad""]"
factory-20260219-lane_d-001,parl_initiative_doc,141657,Iniciativa congreso:leg15:exp:122/000131/0000,Documento pdf vinculado a iniciativa congreso:leg15:exp:122/000131/0000 en https://www.congreso.es/public_oficiales/L15/CONG/BOCG/B/BOCG-15-B-148-1.PDF,https://www.congreso.es/public_oficiales/L15/CONG/BOCG/B/BOCG-15-B-148-1.PDF,"[""vivienda"", ""empleo"", ""sanidad"", ""educacion"", ""coste_vida"", ""energia"", ""transporte"", ""seguridad_justicia"", ""inmigracion"", ""corrupcion"", ""campo_rural"", ""igualdad""]"
factory-20260219-lane_d-001,parl_initiative_doc,141658,Iniciativa congreso:leg15:exp:122/000131/0000,Documento pdf vinculado a iniciativa congreso:leg15:exp:122/000131/0000 en https://www.congreso.es/public_oficiales/L15/CONG/BOCG/B/BOCG-15-B-148-2.PDF,https://www.congreso.es/public_oficiales/L15/CONG/BOCG/B/BOCG-15-B-148-2.PDF,"[""vivienda"", ""empleo"", ""sanidad"", ""educacion"", ""coste_vida"", ""energia"", ""transporte"", ""seguridad_justicia"", ""inmigracion"", ""corrupcion"", ""campo_rural"", ""igualdad""]"
factory-20260219-lane_d-001,parl_initiative_doc,141659,Iniciativa congreso:leg15:exp:122/000132/0000,Documento pdf vinculado a iniciativa congreso:leg15:exp:122/000132/0000 en https://www.congreso.es/public_oficiales/L15/CONG/BOCG/B/BOCG-15-B-149-1.PDF,https://www.congreso.es/public_oficiales/L15/CONG/BOCG/B/BOCG-15-B-149-1.PDF,"[""vivienda"", ""empleo"", ""sanidad"", ""educacion"", ""coste_vida"", ""energia"", ""transporte"", ""seguridad_justicia"", ""inmigracion"", ""corrupcion"", ""campo_rural"", ""igualdad""]"
factory-20260219-lane_d-001,parl_initiative_doc,141660,Iniciativa congreso:leg15:exp:122/000132/0000,Documento pdf vinculado a iniciativa congreso:leg15:exp:122/000132/0000 en https://www.congreso.es/public_oficiales/L15/CONG/BOCG/B/BOCG-15-B-149-2.PDF,https://www.congreso.es/public_oficiales/L15/CONG/BOCG/B/BOCG-15-B-149-2.PDF,"[""vivienda"", ""empleo"", ""sanidad"", ""educacion"", ""coste_vida"", ""energia"", ""transporte"", ""seguridad_justicia"", ""inmigracion"", ""corrupcion"", ""campo_rural"", ""igualdad""]"
factory-20260219-lane_d-001,parl_initiative_doc,141661,Iniciativa congreso:leg15:exp:122/000133/0000,Documento pdf vinculado a iniciativa congreso:leg15:exp:122/000133/0000 en https://www.congreso.es/public_oficiales/L15/CONG/BOCG/B/BOCG-15-B-151-1.PDF,https://www.congreso.es/public_oficiales/L15/CONG/BOCG/B/BOCG-15-B-151-1.PDF,"[""vivienda"", ""empleo"", ""sanidad"", ""educacion"", ""coste_vida"", ""energia"", ""transporte"", ""seguridad_justicia"", ""inmigracion"", ""corrupcion"", ""campo_rural"", ""igualdad""]"
factory-20260219-lane_d-001,parl_initiative_doc,141662,Iniciativa congreso:leg15:exp:122/000133/0000,Documento pdf vinculado a iniciativa congreso:leg15:exp:122/000133/0000 en https://www.congreso.es/public_oficiales/L15/CONG/BOCG/B/BOCG-15-B-151-2.PDF,https://www.congreso.es/public_oficiales/L15/CONG/BOCG/B/BOCG-15-B-151-2.PDF,"[""vivienda"", ""empleo"", ""sanidad"", ""educacion"", ""coste_vida"", ""energia"", ""transporte"", ""seguridad_justicia"", ""inmigracion"", ""corrupcion"", ""campo_rural"", ""igualdad""]"
factory-20260219-lane_d-001,parl_initiative_doc,141663,Iniciativa congreso:leg15:exp:122/000137/0000,Documento pdf vinculado a iniciativa congreso:leg15:exp:122/000137/0000 en https://www.congreso.es/public_oficiales/L15/CONG/BOCG/B/BOCG-15-B-155-1.PDF,https://www.congreso.es/public_oficiales/L15/CONG/BOCG/B/BOCG-15-B-155-1.PDF,"[""vivienda"", ""empleo"", ""sanidad"", ""educacion"", ""coste_vida"", ""energia"", ""transporte"", ""seguridad_justicia"", ""inmigracion"", ""corrupcion"", ""campo_rural"", ""igualdad""]"
factory-20260219-lane_d-001,parl_initiative_doc,141664,Iniciativa congreso:leg15:exp:122/000137/0000,Documento pdf vinculado a iniciativa congreso:leg15:exp:122/000137/0000 en https://www.congreso.es/public_oficiales/L15/CONG/BOCG/B/BOCG-15-B-155-2.PDF,https://www.congreso.es/public_oficiales/L15/CONG/BOCG/B/BOCG-15-B-155-2.PDF,"[""vivienda"", ""empleo"", ""sanidad"", ""educacion"", ""coste_vida"", ""energia"", ""transporte"", ""seguridad_justicia"", ""inmigracion"", ""corrupcion"", ""campo_rural"", ""igualdad""]"
factory-20260219-lane_d-001,parl_initiative_doc,141665,Iniciativa congreso:leg15:exp:122/000139/0000,Documento pdf vinculado a iniciativa congreso:leg15:exp:122/000139/0000 en https://www.congreso.es/public_oficiales/L15/CONG/BOCG/B/BOCG-15-B-157-1.PDF,https://www.congreso.es/public_oficiales/L15/CONG/BOCG/B/BOCG-15-B-157-1.PDF,"[""vivienda"", ""empleo"", ""sanidad"", ""educacion"", ""coste_vida"", ""energia"", ""transporte"", ""seguridad_justicia"", ""inmigracion"", ""corrupcion"", ""campo_rural"", ""igualdad""]"
factory-20260219-lane_d-001,parl_initiative_doc,141666,Iniciativa congreso:leg15:exp:122/000139/0000,Documento pdf vinculado a iniciativa congreso:leg15:exp:122/000139/0000 en https://www.congreso.es/public_oficiales/L15/CONG/BOCG/B/BOCG-15-B-157-2.PDF,https://www.congreso.es/public_oficiales/L15/CONG/BOCG/B/BOCG-15-B-157-2.PDF,"[""vivienda"", ""empleo"", ""sanidad"", ""educacion"", ""coste_vida"", ""energia"", ""transporte"", ""seguridad_justicia"", ""inmigracion"", ""corrupcion"", ""campo_rural"", ""igualdad""]"
factory-20260219-lane_d-001,parl_initiative_doc,141667,Iniciativa congreso:leg15:exp:122/000143/0000,Documento pdf vinculado a iniciativa congreso:leg15:exp:122/000143/0000 en https://www.congreso.es/public_oficiales/L15/CONG/BOCG/B/BOCG-15-B-162-1.PDF,https://www.congreso.es/public_oficiales/L15/CONG/BOCG/B/BOCG-15-B-162-1.PDF,"[""vivienda"", ""empleo"", ""sanidad"", ""educacion"", ""coste_vida"", ""energia"", ""transporte"", ""seguridad_justicia"", ""inmigracion"", ""corrupcion"", ""campo_rural"", ""igualdad""]"
factory-20260219-lane_d-001,parl_initiative_doc,141668,Iniciativa congreso:leg15:exp:122/000143/0000,Documento pdf vinculado a iniciativa congreso:leg15:exp:122/000143/0000 en https://www.congreso.es/public_oficiales/L15/CONG/BOCG/B/BOCG-15-B-162-2.PDF,https://www.congreso.es/public_oficiales/L15/CONG/BOCG/B/BOCG-15-B-162-2.PDF,"[""vivienda"", ""empleo"", ""sanidad"", ""educacion"", ""coste_vida"", ""energia"", ""transporte"", ""seguridad_justicia"", ""inmigracion"", ""corrupcion"", ""campo_rural"", ""igualdad""]"
factory-20260219-lane_d-001,parl_initiative_doc,141669,Iniciativa congreso:leg15:exp:122/000159/0000,Documento pdf vinculado a iniciativa congreso:leg15:exp:122/000159/0000 en https://www.congreso.es/public_oficiales/L15/CONG/BOCG/B/BOCG-15-B-182-1.PDF,https://www.congreso.es/public_oficiales/L15/CONG/BOCG/B/BOCG-15-B-182-1.PDF,"[""vivienda"", ""empleo"", ""sanidad"", ""educacion"", ""coste_vida"", ""energia"", ""transporte"", ""seguridad_justicia"", ""inmigracion"", ""corrupcion"", ""campo_rural"", ""igualdad""]"
factory-20260219-lane_d-001,parl_initiative_doc,141670,Iniciativa congreso:leg15:exp:122/000159/0000,Documento pdf vinculado a iniciativa congreso:leg15:exp:122/000159/0000 en https://www.congreso.es/public_oficiales/L15/CONG/BOCG/B/BOCG-15-B-182-2.PDF,https://www.congreso.es/public_oficiales/L15/CONG/BOCG/B/BOCG-15-B-182-2.PDF,"[""vivienda"", ""empleo"", ""sanidad"", ""educacion"", ""coste_vida"", ""energia"", ""transporte"", ""seguridad_justicia"", ""inmigracion"", ""corrupcion"", ""campo_rural"", ""igualdad""]"
factory-20260219-lane_d-001,parl_initiative_doc,141671,Iniciativa congreso:leg15:exp:122/000163/0000,Documento pdf vinculado a iniciativa congreso:leg15:exp:122/000163/0000 en https://www.congreso.es/public_oficiales/L15/CONG/BOCG/B/BOCG-15-B-187-1.PDF,https://www.congreso.es/public_oficiales/L15/CONG/BOCG/B/BOCG-15-B-187-1.PDF,"[""vivienda"", ""empleo"", ""sanidad"", ""educacion"", ""coste_vida"", ""energia"", ""transporte"", ""seguridad_justicia"", ""inmigracion"", ""corrupcion"", ""campo_rural"", ""igualdad""]"
factory-20260219-lane_d-001,parl_initiative_doc,141672,Iniciativa congreso:leg15:exp:122/000163/0000,Documento pdf vinculado a iniciativa congreso:leg15:exp:122/000163/0000 en https://www.congreso.es/public_oficiales/L15/CONG/BOCG/B/BOCG-15-B-187-2.PDF,https://www.congreso.es/public_oficiales/L15/CONG/BOCG/B/BOCG-15-B-187-2.PDF,"[""vivienda"", ""empleo"", ""sanidad"", ""educacion"", ""coste_vida"", ""energia"", ""transporte"", ""seguridad_justicia"", ""inmigracion"", ""corrupcion"", ""campo_rural"", ""igualdad""]"
factory-20260219-lane_d-001,parl_initiative_doc,141673,Iniciativa congreso:leg15:exp:122/000164/0000,Documento pdf vinculado a iniciativa congreso:leg15:exp:122/000164/0000 en https://www.congreso.es/public_oficiales/L15/CONG/BOCG/B/BOCG-15-B-188-1.PDF,https://www.congreso.es/public_oficiales/L15/CONG/BOCG/B/BOCG-15-B-188-1.PDF,"[""vivienda"", ""empleo"", ""sanidad"", ""educacion"", ""coste_vida"", ""energia"", ""transporte"", ""seguridad_justicia"", ""inmigracion"", ""corrupcion"", ""campo_rural"", ""igualdad""]"
factory-20260219-lane_d-001,parl_initiative_doc,141674,Iniciativa congreso:leg15:exp:122/000164/0000,Documento pdf vinculado a iniciativa congreso:leg15:exp:122/000164/0000 en https://www.congreso.es/public_oficiales/L15/CONG/BOCG/B/BOCG-15-B-188-2.PDF,https://www.congreso.es/public_oficiales/L15/CONG/BOCG/B/BOCG-15-B-188-2.PDF,"[""vivienda"", ""empleo"", ""sanidad"", ""educacion"", ""coste_vida"", ""energia"", ""transporte"", ""seguridad_justicia"", ""inmigracion"", ""corrupcion"", ""campo_rural"", ""igualdad""]"
factory-20260219-lane_d-001,parl_initiative_doc,141675,Iniciativa congreso:leg15:exp:122/000175/0000,Documento pdf vinculado a iniciativa congreso:leg15:exp:122/000175/0000 en https://www.congreso.es/public_oficiales/L15/CONG/BOCG/B/BOCG-15-B-201-1.PDF,https://www.congreso.es/public_oficiales/L15/CONG/BOCG/B/BOCG-15-B-201-1.PDF,"[""vivienda"", ""empleo"", ""sanidad"", ""educacion"", ""coste_vida"", ""energia"", ""transporte"", ""seguridad_justicia"", ""inmigracion"", ""corrupcion"", ""campo_rural"", ""igualdad""]"
factory-20260219-lane_d-001,parl_initiative_doc,141676,Iniciativa congreso:leg15:exp:122/000175/0000,Documento pdf vinculado a iniciativa congreso:leg15:exp:122/000175/0000 en https://www.congreso.es/public_oficiales/L15/CONG/BOCG/B/BOCG-15-B-201-2.PDF,https://www.congreso.es/public_oficiales/L15/CONG/BOCG/B/BOCG-15-B-201-2.PDF,"[""vivienda"", ""empleo"", ""sanidad"", ""educacion"", ""coste_vida"", ""energia"", ""transporte"", ""seguridad_justicia"", ""inmigracion"", ""corrupcion"", ""campo_rural"", ""igualdad""]"
factory-20260219-lane_d-001,parl_initiative_doc,141677,Iniciativa congreso:leg15:exp:122/000176/0000,Documento pdf vinculado a iniciativa congreso:leg15:exp:122/000176/0000 en https://www.congreso.es/public_oficiales/L15/CONG/BOCG/B/BOCG-15-B-202-1.PDF,https://www.congreso.es/public_oficiales/L15/CONG/BOCG/B/BOCG-15-B-202-1.PDF,"[""vivienda"", ""empleo"", ""sanidad"", ""educacion"", ""coste_vida"", ""energia"", ""transporte"", ""seguridad_justicia"", ""inmigracion"", ""corrupcion"", ""campo_rural"", ""igualdad""]"
factory-20260219-lane_d-001,parl_initiative_doc,141678,Iniciativa congreso:leg15:exp:122/000176/0000,Documento pdf vinculado a iniciativa congreso:leg15:exp:122/000176/0000 en https://www.congreso.es/public_oficiales/L15/CONG/BOCG/B/BOCG-15-B-202-2.PDF,https://www.congreso.es/public_oficiales/L15/CONG/BOCG/B/BOCG-15-B-202-2.PDF,"[""vivienda"", ""empleo"", ""sanidad"", ""educacion"", ""coste_vida"", ""energia"", ""transporte"", ""seguridad_justicia"", ""inmigracion"", ""corrupcion"", ""campo_rural"", ""igualdad""]"
factory-20260219-lane_d-001,parl_initiative_doc,141679,Iniciativa congreso:leg15:exp:122/000179/0000,Documento pdf vinculado a iniciativa congreso:leg15:exp:122/000179/0000 en https://www.congreso.es/public_oficiales/L15/CONG/BOCG/B/BOCG-15-B-206-1.PDF,https://www.congreso.es/public_oficiales/L15/CONG/BOCG/B/BOCG-15-B-206-1.PDF,"[""vivienda"", ""empleo"", ""sanidad"", ""educacion"", ""coste_vida"", ""energia"", ""transporte"", ""seguridad_justicia"", ""inmigracion"", ""corrupcion"", ""campo_rural"", ""igualdad""]"
factory-20260219-lane_d-001,parl_initiative_doc,141680,Iniciativa congreso:leg15:exp:122/000179/0000,Documento pdf vinculado a iniciativa congreso:leg15:exp:122/000179/0000 en https://www.congreso.es/public_oficiales/L15/CONG/BOCG/B/BOCG-15-B-206-2.PDF,https://www.congreso.es/public_oficiales/L15/CONG/BOCG/B/BOCG-15-B-206-2.PDF,"[""vivienda"", ""empleo"", ""sanidad"", ""educacion"", ""coste_vida"", ""energia"", ""transporte"", ""seguridad_justicia"", ""inmigracion"", ""corrupcion"", ""campo_rural"", ""igualdad""]"
factory-20260219-lane_d-001,parl_initiative_doc,141681,Iniciativa congreso:leg15:exp:122/000181/0000,Documento pdf vinculado a iniciativa congreso:leg15:exp:122/000181/0000 en https://www.congreso.es/public_oficiales/L15/CONG/BOCG/B/BOCG-15-B-207-1.PDF,https://www.congreso.es/public_oficiales/L15/CONG/BOCG/B/BOCG-15-B-207-1.PDF,"[""vivienda"", ""empleo"", ""sanidad"", ""educacion"", ""coste_vida"", ""energia"", ""transporte"", ""seguridad_justicia"", ""inmigracion"", ""corrupcion"", ""campo_rural"", ""igualdad""]"
factory-20260219-lane_d-001,parl_initiative_doc,141682,Iniciativa congreso:leg15:exp:122/000181/0000,Documento pdf vinculado a iniciativa congreso:leg15:exp:122/000181/0000 en https://www.congreso.es/public_oficiales/L15/CONG/BOCG/B/BOCG-15-B-207-2.PDF,https://www.congreso.es/public_oficiales/L15/CONG/BOCG/B/BOCG-15-B-207-2.PDF,"[""vivienda"", ""empleo"", ""sanidad"", ""educacion"", ""coste_vida"", ""energia"", ""transporte"", ""seguridad_justicia"", ""inmigracion"", ""corrupcion"", ""campo_rural"", ""igualdad""]"
factory-20260219-lane_d-001,parl_initiative_doc,141683,Iniciativa congreso:leg15:exp:122/000182/0000,Documento pdf vinculado a iniciativa congreso:leg15:exp:122/000182/0000 en https://www.congreso.es/public_oficiales/L15/CONG/BOCG/B/BOCG-15-B-208-1.PDF,https://www.congreso.es/public_oficiales/L15/CONG/BOCG/B/BOCG-15-B-208-1.PDF,"[""vivienda"", ""empleo"", ""sanidad"", ""educacion"", ""coste_vida"", ""energia"", ""transporte"", ""seguridad_justicia"", ""inmigracion"", ""corrupcion"", ""campo_rural"", ""igualdad""]"
factory-20260219-lane_d-001,parl_initiative_doc,141684,Iniciativa congreso:leg15:exp:122/000182/0000,Documento pdf vinculado a iniciativa congreso:leg15:exp:122/000182/0000 en https://www.congreso.es/public_oficiales/L15/CONG/BOCG/B/BOCG-15-B-208-2.PDF,https://www.congreso.es/public_oficiales/L15/CONG/BOCG/B/BOCG-15-B-208-2.PDF,"[""vivienda"", ""empleo"", ""sanidad"", ""educacion"", ""coste_vida"", ""energia"", ""transporte"", ""seguridad_justicia"", ""inmigracion"", ""corrupcion"", ""campo_rural"", ""igualdad""]"
factory-20260219-lane_d-001,parl_initiative_doc,141685,Iniciativa congreso:leg15:exp:122/000186/0000,Documento pdf vinculado a iniciativa congreso:leg15:exp:122/000186/0000 en https://www.congreso.es/public_oficiales/L15/CONG/BOCG/B/BOCG-15-B-219-1.PDF,https://www.congreso.es/public_oficiales/L15/CONG/BOCG/B/BOCG-15-B-219-1.PDF,"[""vivienda"", ""empleo"", ""sanidad"", ""educacion"", ""coste_vida"", ""energia"", ""transporte"", ""seguridad_justicia"", ""inmigracion"", ""corrupcion"", ""campo_rural"", ""igualdad""]"
factory-20260219-lane_d-001,parl_initiative_doc,141686,Iniciativa congreso:leg15:exp:122/000186/0000,Documento pdf vinculado a iniciativa congreso:leg15:exp:122/000186/0000 en https://www.congreso.es/public_oficiales/L15/CONG/BOCG/B/BOCG-15-B-219-2.PDF,https://www.congreso.es/public_oficiales/L15/CONG/BOCG/B/BOCG-15-B-219-2.PDF,"[""vivienda"", ""empleo"", ""sanidad"", ""educacion"", ""coste_vida"", ""energia"", ""transporte"", ""seguridad_justicia"", ""inmigracion"", ""corrupcion"", ""campo_rural"", ""igualdad""]"
factory-20260219-lane_d-001,parl_initiative_doc,141687,Iniciativa congreso:leg15:exp:122/000188/0000,Documento pdf vinculado a iniciativa congreso:leg15:exp:122/000188/0000 en https://www.congreso.es/public_oficiales/L15/CONG/BOCG/B/BOCG-15-B-221-1.PDF,https://www.congreso.es/public_oficiales/L15/CONG/BOCG/B/BOCG-15-B-221-1.PDF,"[""vivienda"", ""empleo"", ""sanidad"", ""educacion"", ""coste_vida"", ""energia"", ""transporte"", ""seguridad_justicia"", ""inmigracion"", ""corrupcion"", ""campo_rural"", ""igualdad""]"
factory-20260219-lane_d-001,parl_initiative_doc,141688,Iniciativa congreso:leg15:exp:122/000188/0000,Documento pdf vinculado a iniciativa congreso:leg15:exp:122/000188/0000 en https://www.congreso.es/public_oficiales/L15/CONG/BOCG/B/BOCG-15-B-221-2.PDF,https://www.congreso.es/public_oficiales/L15/CONG/BOCG/B/BOCG-15-B-221-2.PDF,"[""vivienda"", ""empleo"", ""sanidad"", ""educacion"", ""coste_vida"", ""energia"", ""transporte"", ""seguridad_justicia"", ""inmigracion"", ""corrupcion"", ""campo_rural"", ""igualdad""]"
factory-20260219-lane_d-001,parl_initiative_doc,141689,Iniciativa congreso:leg15:exp:122/000189/0000,Documento pdf vinculado a iniciativa congreso:leg15:exp:122/000189/0000 en https://www.congreso.es/public_oficiales/L15/CONG/BOCG/B/BOCG-15-B-222-1.PDF,https://www.congreso.es/public_oficiales/L15/CONG/BOCG/B/BOCG-15-B-222-1.PDF,"[""vivienda"", ""empleo"", ""sanidad"", ""educacion"", ""coste_vida"", ""energia"", ""transporte"", ""seguridad_justicia"", ""inmigracion"", ""corrupcion"", ""campo_rural"", ""igualdad""]"
factory-20260219-lane_d-001,parl_initiative_doc,141690,Iniciativa congreso:leg15:exp:122/000189/0000,Documento pdf vinculado a iniciativa congreso:leg15:exp:122/000189/0000 en https://www.congreso.es/public_oficiales/L15/CONG/BOCG/B/BOCG-15-B-222-2.PDF,https://www.congreso.es/public_oficiales/L15/CONG/BOCG/B/BOCG-15-B-222-2.PDF,"[""vivienda"", ""empleo"", ""sanidad"", ""educacion"", ""coste_vida"", ""energia"", ""transporte"", ""seguridad_justicia"", ""inmigracion"", ""corrupcion"", ""campo_rural"", ""igualdad""]"
factory-20260219-lane_d-001,parl_initiative_doc,141691,Iniciativa congreso:leg15:exp:122/000194/0000,Documento pdf vinculado a iniciativa congreso:leg15:exp:122/000194/0000 en https://www.congreso.es/public_oficiales/L15/CONG/BOCG/B/BOCG-15-B-227-1.PDF,https://www.congreso.es/public_oficiales/L15/CONG/BOCG/B/BOCG-15-B-227-1.PDF,"[""vivienda"", ""empleo"", ""sanidad"", ""educacion"", ""coste_vida"", ""energia"", ""transporte"", ""seguridad_justicia"", ""inmigracion"", ""corrupcion"", ""campo_rural"", ""igualdad""]"
factory-20260219-lane_d-001,parl_initiative_doc,141692,Iniciativa congreso:leg15:exp:122/000194/0000,Documento pdf vinculado a iniciativa congreso:leg15:exp:122/000194/0000 en https://www.congreso.es/public_oficiales/L15/CONG/BOCG/B/BOCG-15-B-227-2.PDF,https://www.congreso.es/public_oficiales/L15/CONG/BOCG/B/BOCG-15-B-227-2.PDF,"[""vivienda"", ""empleo"", ""sanidad"", ""educacion"", ""coste_vida"", ""energia"", ""transporte"", ""seguridad_justicia"", ""inmigracion"", ""corrupcion"", ""campo_rural"", ""igualdad""]"
factory-20260219-lane_d-001,parl_initiative_doc,141693,Iniciativa congreso:leg15:exp:122/000201/0000,Documento pdf vinculado a iniciativa congreso:leg15:exp:122/000201/0000 en https://www.congreso.es/public_oficiales/L15/CONG/BOCG/B/BOCG-15-B-240-1.PDF,https://www.congreso.es/public_oficiales/L15/CONG/BOCG/B/BOCG-15-B-240-1.PDF,"[""vivienda"", ""empleo"", ""sanidad"", ""educacion"", ""coste_vida"", ""energia"", ""transporte"", ""seguridad_justicia"", ""inmigracion"", ""corrupcion"", ""campo_rural"", ""igualdad""]"
factory-20260219-lane_d-001,parl_initiative_doc,141694,Iniciativa congreso:leg15:exp:122/000201/0000,Documento pdf vinculado a iniciativa congreso:leg15:exp:122/000201/0000 en https://www.congreso.es/public_oficiales/L15/CONG/BOCG/B/BOCG-15-B-240-2.PDF,https://www.congreso.es/public_oficiales/L15/CONG/BOCG/B/BOCG-15-B-240-2.PDF,"[""vivienda"", ""empleo"", ""sanidad"", ""educacion"", ""coste_vida"", ""energia"", ""transporte"", ""seguridad_justicia"", ""inmigracion"", ""corrupcion"", ""campo_rural"", ""igualdad""]"
factory-20260219-lane_d-001,parl_initiative_doc,141695,Iniciativa congreso:leg15:exp:127/000002/0000,Documento pdf vinculado a iniciativa congreso:leg15:exp:127/000002/0000 en https://www.congreso.es/public_oficiales/L15/CONG/BOCG/B/BOCG-15-B-242-1.PDF,https://www.congreso.es/public_oficiales/L15/CONG/BOCG/B/BOCG-15-B-242-1.PDF,"[""vivienda"", ""empleo"", ""sanidad"", ""educacion"", ""coste_vida"", ""energia"", ""transporte"", ""seguridad_justicia"", ""inmigracion"", ""corrupcion"", ""campo_rural"", ""igualdad""]"
factory-20260219-lane_d-001,parl_initiative_doc,141696,Iniciativa congreso:leg15:exp:127/000002/0000,Documento pdf vinculado a iniciativa congreso:leg15:exp:127/000002/0000 en https://www.congreso.es/public_oficiales/L15/CONG/BOCG/B/BOCG-15-B-242-2.PDF,https://www.congreso.es/public_oficiales/L15/CONG/BOCG/B/BOCG-15-B-242-2.PDF,"[""vivienda"", ""empleo"", ""sanidad"", ""educacion"", ""coste_vida"", ""energia"", ""transporte"", ""seguridad_justicia"", ""inmigracion"", ""corrupcion"", ""campo_rural"", ""igualdad""]"
factory-20260219-lane_d-001,parl_initiative_doc,141697,Iniciativa congreso:leg15:exp:122/000214/0000,Documento pdf vinculado a iniciativa congreso:leg15:exp:122/000214/0000 en https://www.congreso.es/public_oficiales/L15/CONG/BOCG/B/BOCG-15-B-256-1.PDF,https://www.congreso.es/public_oficiales/L15/CONG/BOCG/B/BOCG-15-B-256-1.PDF,"[""vivienda"", ""empleo"", ""sanidad"", ""educacion"", ""coste_vida"", ""energia"", ""transporte"", ""seguridad_justicia"", ""inmigracion"", ""corrupcion"", ""campo_rural"", ""igualdad""]"
factory-20260219-lane_d-001,parl_initiative_doc,141698,Iniciativa congreso:leg15:exp:122/000214/0000,Documento pdf vinculado a iniciativa congreso:leg15:exp:122/000214/0000 en https://www.congreso.es/public_oficiales/L15/CONG/BOCG/B/BOCG-15-B-256-2.PDF,https://www.congreso.es/public_oficiales/L15/CONG/BOCG/B/BOCG-15-B-256-2.PDF,"[""vivienda"", ""empleo"", ""sanidad"", ""educacion"", ""coste_vida"", ""energia"", ""transporte"", ""seguridad_justicia"", ""inmigracion"", ""corrupcion"", ""campo_rural"", ""igualdad""]"
factory-20260219-lane_d-001,parl_initiative_doc,141699,Iniciativa congreso:leg15:exp:122/000215/0000,Documento pdf vinculado a iniciativa congreso:leg15:exp:122/000215/0000 en https://www.congreso.es/public_oficiales/L15/CONG/BOCG/B/BOCG-15-B-257-1.PDF,https://www.congreso.es/public_oficiales/L15/CONG/BOCG/B/BOCG-15-B-257-1.PDF,"[""vivienda"", ""empleo"", ""sanidad"", ""educacion"", ""coste_vida"", ""energia"", ""transporte"", ""seguridad_justicia"", ""inmigracion"", ""corrupcion"", ""campo_rural"", ""igualdad""]"
factory-20260219-lane_d-001,parl_initiative_doc,141700,Iniciativa congreso:leg15:exp:122/000215/0000,Documento pdf vinculado a iniciativa congreso:leg15:exp:122/000215/0000 en https://www.congreso.es/public_oficiales/L15/CONG/BOCG/B/BOCG-15-B-257-2.PDF,https://www.congreso.es/public_oficiales/L15/CONG/BOCG/B/BOCG-15-B-257-2.PDF,"[""vivienda"", ""empleo"", ""sanidad"", ""educacion"", ""coste_vida"", ""energia"", ""transporte"", ""seguridad_justicia"", ""inmigracion"", ""corrupcion"", ""campo_rural"", ""igualdad""]"
factory-20260219-lane_d-001,parl_initiative_doc,141701,Iniciativa congreso:leg15:exp:122/000220/0000,Documento pdf vinculado a iniciativa congreso:leg15:exp:122/000220/0000 en https://www.congreso.es/public_oficiales/L15/CONG/BOCG/B/BOCG-15-B-265-1.PDF,https://www.congreso.es/public_oficiales/L15/CONG/BOCG/B/BOCG-15-B-265-1.PDF,"[""vivienda"", ""empleo"", ""sanidad"", ""educacion"", ""coste_vida"", ""energia"", ""transporte"", ""seguridad_justicia"", ""inmigracion"", ""corrupcion"", ""campo_rural"", ""igualdad""]"
factory-20260219-lane_d-001,parl_initiative_doc,141702,Iniciativa congreso:leg15:exp:122/000220/0000,Documento pdf vinculado a iniciativa congreso:leg15:exp:122/000220/0000 en https://www.congreso.es/public_oficiales/L15/CONG/BOCG/B/BOCG-15-B-265-2.PDF,https://www.congreso.es/public_oficiales/L15/CONG/BOCG/B/BOCG-15-B-265-2.PDF,"[""vivienda"", ""empleo"", ""sanidad"", ""educacion"", ""coste_vida"", ""energia"", ""transporte"", ""seguridad_justicia"", ""inmigracion"", ""corrupcion"", ""campo_rural"", ""igualdad""]"
